,mutation
0,A2C
1,A2D
2,A2E
3,A2F
4,A2G
5,A2H
6,A2I
7,A2K
8,A2L
9,A2M
10,A2N
11,A2P
12,A2Q
13,A2R
14,A2S
15,A2T
16,A2V
17,A2W
18,A2Y
19,S3A
20,S3C
21,S3D
22,S3E
23,S3F
24,S3G
25,S3H
26,S3I
27,S3K
28,S3L
29,S3M
30,S3N
31,S3P
32,S3Q
33,S3R
34,S3T
35,S3V
36,S3W
37,S3Y
38,S4A
39,S4C
40,S4D
41,S4E
42,S4F
43,S4G
44,S4H
45,S4I
46,S4K
47,S4L
48,S4M
49,S4N
50,S4P
51,S4Q
52,S4R
53,S4T
54,S4V
55,S4W
56,S4Y
57,Q5A
58,Q5C
59,Q5D
60,Q5E
61,Q5F
62,Q5G
63,Q5H
64,Q5I
65,Q5K
66,Q5L
67,Q5M
68,Q5N
69,Q5P
70,Q5R
71,Q5S
72,Q5T
73,Q5V
74,Q5W
75,Q5Y
76,L6A
77,L6C
78,L6D
79,L6E
80,L6F
81,L6G
82,L6H
83,L6I
84,L6K
85,L6M
86,L6N
87,L6P
88,L6Q
89,L6R
90,L6S
91,L6T
92,L6V
93,L6W
94,L6Y
95,E7A
96,E7C
97,E7D
98,E7F
99,E7G
100,E7H
101,E7I
102,E7K
103,E7L
104,E7M
105,E7N
106,E7P
107,E7Q
108,E7R
109,E7S
110,E7T
111,E7V
112,E7W
113,E7Y
114,F8A
115,F8C
116,F8D
117,F8E
118,F8G
119,F8H
120,F8I
121,F8K
122,F8L
123,F8M
124,F8N
125,F8P
126,F8Q
127,F8R
128,F8S
129,F8T
130,F8V
131,F8W
132,F8Y
133,N9A
134,N9C
135,N9D
136,N9E
137,N9F
138,N9G
139,N9H
140,N9I
141,N9K
142,N9L
143,N9M
144,N9P
145,N9Q
146,N9R
147,N9S
148,N9T
149,N9V
150,N9W
151,N9Y
152,V10A
153,V10C
154,V10D
155,V10E
156,V10F
157,V10G
158,V10H
159,V10I
160,V10K
161,V10L
162,V10M
163,V10N
164,V10P
165,V10Q
166,V10R
167,V10S
168,V10T
169,V10W
170,V10Y
171,E11A
172,E11C
173,E11D
174,E11F
175,E11G
176,E11H
177,E11I
178,E11K
179,E11L
180,E11M
181,E11N
182,E11P
183,E11Q
184,E11R
185,E11S
186,E11T
187,E11V
188,E11W
189,E11Y
190,R12A
191,R12C
192,R12D
193,R12E
194,R12F
195,R12G
196,R12H
197,R12I
198,R12K
199,R12L
200,R12M
201,R12N
202,R12P
203,R12Q
204,R12S
205,R12T
206,R12V
207,R12W
208,R12Y
209,K13A
210,K13C
211,K13D
212,K13E
213,K13F
214,K13G
215,K13H
216,K13I
217,K13L
218,K13M
219,K13N
220,K13P
221,K13Q
222,K13R
223,K13S
224,K13T
225,K13V
226,K13W
227,K13Y
228,Q14A
229,Q14C
230,Q14D
231,Q14E
232,Q14F
233,Q14G
234,Q14H
235,Q14I
236,Q14K
237,Q14L
238,Q14M
239,Q14N
240,Q14P
241,Q14R
242,Q14S
243,Q14T
244,Q14V
245,Q14W
246,Q14Y
247,P15A
248,P15C
249,P15D
250,P15E
251,P15F
252,P15G
253,P15H
254,P15I
255,P15K
256,P15L
257,P15M
258,P15N
259,P15Q
260,P15R
261,P15S
262,P15T
263,P15V
264,P15W
265,P15Y
266,E16A
267,E16C
268,E16D
269,E16F
270,E16G
271,E16H
272,E16I
273,E16K
274,E16L
275,E16M
276,E16N
277,E16P
278,E16Q
279,E16R
280,E16S
281,E16T
282,E16V
283,E16W
284,E16Y
285,L17A
286,L17C
287,L17D
288,L17E
289,L17F
290,L17G
291,L17H
292,L17I
293,L17K
294,L17M
295,L17N
296,L17P
297,L17Q
298,L17R
299,L17S
300,L17T
301,L17V
302,L17W
303,L17Y
304,L18A
305,L18C
306,L18D
307,L18E
308,L18F
309,L18G
310,L18H
311,L18I
312,L18K
313,L18M
314,L18N
315,L18P
316,L18Q
317,L18R
318,L18S
319,L18T
320,L18V
321,L18W
322,L18Y
323,G19A
324,G19C
325,G19D
326,G19E
327,G19F
328,G19H
329,G19I
330,G19K
331,G19L
332,G19M
333,G19N
334,G19P
335,G19Q
336,G19R
337,G19S
338,G19T
339,G19V
340,G19W
341,G19Y
342,P20A
343,P20C
344,P20D
345,P20E
346,P20F
347,P20G
348,P20H
349,P20I
350,P20K
351,P20L
352,P20M
353,P20N
354,P20Q
355,P20R
356,P20S
357,P20T
358,P20V
359,P20W
360,P20Y
361,A21C
362,A21D
363,A21E
364,A21F
365,A21G
366,A21H
367,A21I
368,A21K
369,A21L
370,A21M
371,A21N
372,A21P
373,A21Q
374,A21R
375,A21S
376,A21T
377,A21V
378,A21W
379,A21Y
380,E22A
381,E22C
382,E22D
383,E22F
384,E22G
385,E22H
386,E22I
387,E22K
388,E22L
389,E22M
390,E22N
391,E22P
392,E22Q
393,E22R
394,E22S
395,E22T
396,E22V
397,E22W
398,E22Y
399,P23A
400,P23C
401,P23D
402,P23E
403,P23F
404,P23G
405,P23H
406,P23I
407,P23K
408,P23L
409,P23M
410,P23N
411,P23Q
412,P23R
413,P23S
414,P23T
415,P23V
416,P23W
417,P23Y
418,T24A
419,T24C
420,T24D
421,T24E
422,T24F
423,T24G
424,T24H
425,T24I
426,T24K
427,T24L
428,T24M
429,T24N
430,T24P
431,T24Q
432,T24R
433,T24S
434,T24V
435,T24W
436,T24Y
437,P25A
438,P25C
439,P25D
440,P25E
441,P25F
442,P25G
443,P25H
444,P25I
445,P25K
446,P25L
447,P25M
448,P25N
449,P25Q
450,P25R
451,P25S
452,P25T
453,P25V
454,P25W
455,P25Y
456,Y26A
457,Y26C
458,Y26D
459,Y26E
460,Y26F
461,Y26G
462,Y26H
463,Y26I
464,Y26K
465,Y26L
466,Y26M
467,Y26N
468,Y26P
469,Y26Q
470,Y26R
471,Y26S
472,Y26T
473,Y26V
474,Y26W
475,E27A
476,E27C
477,E27D
478,E27F
479,E27G
480,E27H
481,E27I
482,E27K
483,E27L
484,E27M
485,E27N
486,E27P
487,E27Q
488,E27R
489,E27S
490,E27T
491,E27V
492,E27W
493,E27Y
494,L28A
495,L28C
496,L28D
497,L28E
498,L28F
499,L28G
500,L28H
501,L28I
502,L28K
503,L28M
504,L28N
505,L28P
506,L28Q
507,L28R
508,L28S
509,L28T
510,L28V
511,L28W
512,L28Y
513,K29A
514,K29C
515,K29D
516,K29E
517,K29F
518,K29G
519,K29H
520,K29I
521,K29L
522,K29M
523,K29N
524,K29P
525,K29Q
526,K29R
527,K29S
528,K29T
529,K29V
530,K29W
531,K29Y
532,E30A
533,E30C
534,E30D
535,E30F
536,E30G
537,E30H
538,E30I
539,E30K
540,E30L
541,E30M
542,E30N
543,E30P
544,E30Q
545,E30R
546,E30S
547,E30T
548,E30V
549,E30W
550,E30Y
551,L31A
552,L31C
553,L31D
554,L31E
555,L31F
556,L31G
557,L31H
558,L31I
559,L31K
560,L31M
561,L31N
562,L31P
563,L31Q
564,L31R
565,L31S
566,L31T
567,L31V
568,L31W
569,L31Y
570,S32A
571,S32C
572,S32D
573,S32E
574,S32F
575,S32G
576,S32H
577,S32I
578,S32K
579,S32L
580,S32M
581,S32N
582,S32P
583,S32Q
584,S32R
585,S32T
586,S32V
587,S32W
588,S32Y
589,D33A
590,D33C
591,D33E
592,D33F
593,D33G
594,D33H
595,D33I
596,D33K
597,D33L
598,D33M
599,D33N
600,D33P
601,D33Q
602,D33R
603,D33S
604,D33T
605,D33V
606,D33W
607,D33Y
608,I34A
609,I34C
610,I34D
611,I34E
612,I34F
613,I34G
614,I34H
615,I34K
616,I34L
617,I34M
618,I34N
619,I34P
620,I34Q
621,I34R
622,I34S
623,I34T
624,I34V
625,I34W
626,I34Y
627,D35A
628,D35C
629,D35E
630,D35F
631,D35G
632,D35H
633,D35I
634,D35K
635,D35L
636,D35M
637,D35N
638,D35P
639,D35Q
640,D35R
641,D35S
642,D35T
643,D35V
644,D35W
645,D35Y
646,D36A
647,D36C
648,D36E
649,D36F
650,D36G
651,D36H
652,D36I
653,D36K
654,D36L
655,D36M
656,D36N
657,D36P
658,D36Q
659,D36R
660,D36S
661,D36T
662,D36V
663,D36W
664,D36Y
665,Q37A
666,Q37C
667,Q37D
668,Q37E
669,Q37F
670,Q37G
671,Q37H
672,Q37I
673,Q37K
674,Q37L
675,Q37M
676,Q37N
677,Q37P
678,Q37R
679,Q37S
680,Q37T
681,Q37V
682,Q37W
683,Q37Y
684,D38A
685,D38C
686,D38E
687,D38F
688,D38G
689,D38H
690,D38I
691,D38K
692,D38L
693,D38M
694,D38N
695,D38P
696,D38Q
697,D38R
698,D38S
699,D38T
700,D38V
701,D38W
702,D38Y
703,G39A
704,G39C
705,G39D
706,G39E
707,G39F
708,G39H
709,G39I
710,G39K
711,G39L
712,G39M
713,G39N
714,G39P
715,G39Q
716,G39R
717,G39S
718,G39T
719,G39V
720,G39W
721,G39Y
722,V40A
723,V40C
724,V40D
725,V40E
726,V40F
727,V40G
728,V40H
729,V40I
730,V40K
731,V40L
732,V40M
733,V40N
734,V40P
735,V40Q
736,V40R
737,V40S
738,V40T
739,V40W
740,V40Y
741,R41A
742,R41C
743,R41D
744,R41E
745,R41F
746,R41G
747,R41H
748,R41I
749,R41K
750,R41L
751,R41M
752,R41N
753,R41P
754,R41Q
755,R41S
756,R41T
757,R41V
758,R41W
759,R41Y
760,L42A
761,L42C
762,L42D
763,L42E
764,L42F
765,L42G
766,L42H
767,L42I
768,L42K
769,L42M
770,L42N
771,L42P
772,L42Q
773,L42R
774,L42S
775,L42T
776,L42V
777,L42W
778,L42Y
779,F43A
780,F43C
781,F43D
782,F43E
783,F43G
784,F43H
785,F43I
786,F43K
787,F43L
788,F43M
789,F43N
790,F43P
791,F43Q
792,F43R
793,F43S
794,F43T
795,F43V
796,F43W
797,F43Y
798,L44A
799,L44C
800,L44D
801,L44E
802,L44F
803,L44G
804,L44H
805,L44I
806,L44K
807,L44M
808,L44N
809,L44P
810,L44Q
811,L44R
812,L44S
813,L44T
814,L44V
815,L44W
816,L44Y
817,T45A
818,T45C
819,T45D
820,T45E
821,T45F
822,T45G
823,T45H
824,T45I
825,T45K
826,T45L
827,T45M
828,T45N
829,T45P
830,T45Q
831,T45R
832,T45S
833,T45V
834,T45W
835,T45Y
836,A46C
837,A46D
838,A46E
839,A46F
840,A46G
841,A46H
842,A46I
843,A46K
844,A46L
845,A46M
846,A46N
847,A46P
848,A46Q
849,A46R
850,A46S
851,A46T
852,A46V
853,A46W
854,A46Y
855,I47A
856,I47C
857,I47D
858,I47E
859,I47F
860,I47G
861,I47H
862,I47K
863,I47L
864,I47M
865,I47N
866,I47P
867,I47Q
868,I47R
869,I47S
870,I47T
871,I47V
872,I47W
873,I47Y
874,F48A
875,F48C
876,F48D
877,F48E
878,F48G
879,F48H
880,F48I
881,F48K
882,F48L
883,F48M
884,F48N
885,F48P
886,F48Q
887,F48R
888,F48S
889,F48T
890,F48V
891,F48W
892,F48Y
893,I49A
894,I49C
895,I49D
896,I49E
897,I49F
898,I49G
899,I49H
900,I49K
901,I49L
902,I49M
903,I49N
904,I49P
905,I49Q
906,I49R
907,I49S
908,I49T
909,I49V
910,I49W
911,I49Y
912,Y50A
913,Y50C
914,Y50D
915,Y50E
916,Y50F
917,Y50G
918,Y50H
919,Y50I
920,Y50K
921,Y50L
922,Y50M
923,Y50N
924,Y50P
925,Y50Q
926,Y50R
927,Y50S
928,Y50T
929,Y50V
930,Y50W
931,P51A
932,P51C
933,P51D
934,P51E
935,P51F
936,P51G
937,P51H
938,P51I
939,P51K
940,P51L
941,P51M
942,P51N
943,P51Q
944,P51R
945,P51S
946,P51T
947,P51V
948,P51W
949,P51Y
950,P52A
951,P52C
952,P52D
953,P52E
954,P52F
955,P52G
956,P52H
957,P52I
958,P52K
959,P52L
960,P52M
961,P52N
962,P52Q
963,P52R
964,P52S
965,P52T
966,P52V
967,P52W
968,P52Y
969,P53A
970,P53C
971,P53D
972,P53E
973,P53F
974,P53G
975,P53H
976,P53I
977,P53K
978,P53L
979,P53M
980,P53N
981,P53Q
982,P53R
983,P53S
984,P53T
985,P53V
986,P53W
987,P53Y
988,T54A
989,T54C
990,T54D
991,T54E
992,T54F
993,T54G
994,T54H
995,T54I
996,T54K
997,T54L
998,T54M
999,T54N
1000,T54P
1001,T54Q
1002,T54R
1003,T54S
1004,T54V
1005,T54W
1006,T54Y
1007,K55A
1008,K55C
1009,K55D
1010,K55E
1011,K55F
1012,K55G
1013,K55H
1014,K55I
1015,K55L
1016,K55M
1017,K55N
1018,K55P
1019,K55Q
1020,K55R
1021,K55S
1022,K55T
1023,K55V
1024,K55W
1025,K55Y
1026,T56A
1027,T56C
1028,T56D
1029,T56E
1030,T56F
1031,T56G
1032,T56H
1033,T56I
1034,T56K
1035,T56L
1036,T56M
1037,T56N
1038,T56P
1039,T56Q
1040,T56R
1041,T56S
1042,T56V
1043,T56W
1044,T56Y
1045,S57A
1046,S57C
1047,S57D
1048,S57E
1049,S57F
1050,S57G
1051,S57H
1052,S57I
1053,S57K
1054,S57L
1055,S57M
1056,S57N
1057,S57P
1058,S57Q
1059,S57R
1060,S57T
1061,S57V
1062,S57W
1063,S57Y
1064,M58A
1065,M58C
1066,M58D
1067,M58E
1068,M58F
1069,M58G
1070,M58H
1071,M58I
1072,M58K
1073,M58L
1074,M58N
1075,M58P
1076,M58Q
1077,M58R
1078,M58S
1079,M58T
1080,M58V
1081,M58W
1082,M58Y
1083,P59A
1084,P59C
1085,P59D
1086,P59E
1087,P59F
1088,P59G
1089,P59H
1090,P59I
1091,P59K
1092,P59L
1093,P59M
1094,P59N
1095,P59Q
1096,P59R
1097,P59S
1098,P59T
1099,P59V
1100,P59W
1101,P59Y
1102,T60A
1103,T60C
1104,T60D
1105,T60E
1106,T60F
1107,T60G
1108,T60H
1109,T60I
1110,T60K
1111,T60L
1112,T60M
1113,T60N
1114,T60P
1115,T60Q
1116,T60R
1117,T60S
1118,T60V
1119,T60W
1120,T60Y
1121,R61A
1122,R61C
1123,R61D
1124,R61E
1125,R61F
1126,R61G
1127,R61H
1128,R61I
1129,R61K
1130,R61L
1131,R61M
1132,R61N
1133,R61P
1134,R61Q
1135,R61S
1136,R61T
1137,R61V
1138,R61W
1139,R61Y
1140,K62A
1141,K62C
1142,K62D
1143,K62E
1144,K62F
1145,K62G
1146,K62H
1147,K62I
1148,K62L
1149,K62M
1150,K62N
1151,K62P
1152,K62Q
1153,K62R
1154,K62S
1155,K62T
1156,K62V
1157,K62W
1158,K62Y
1159,T63A
1160,T63C
1161,T63D
1162,T63E
1163,T63F
1164,T63G
1165,T63H
1166,T63I
1167,T63K
1168,T63L
1169,T63M
1170,T63N
1171,T63P
1172,T63Q
1173,T63R
1174,T63S
1175,T63V
1176,T63W
1177,T63Y
1178,D64A
1179,D64C
1180,D64E
1181,D64F
1182,D64G
1183,D64H
1184,D64I
1185,D64K
1186,D64L
1187,D64M
1188,D64N
1189,D64P
1190,D64Q
1191,D64R
1192,D64S
1193,D64T
1194,D64V
1195,D64W
1196,D64Y
1197,P65A
1198,P65C
1199,P65D
1200,P65E
1201,P65F
1202,P65G
1203,P65H
1204,P65I
1205,P65K
1206,P65L
1207,P65M
1208,P65N
1209,P65Q
1210,P65R
1211,P65S
1212,P65T
1213,P65V
1214,P65W
1215,P65Y
1216,A66C
1217,A66D
1218,A66E
1219,A66F
1220,A66G
1221,A66H
1222,A66I
1223,A66K
1224,A66L
1225,A66M
1226,A66N
1227,A66P
1228,A66Q
1229,A66R
1230,A66S
1231,A66T
1232,A66V
1233,A66W
1234,A66Y
1235,S67A
1236,S67C
1237,S67D
1238,S67E
1239,S67F
1240,S67G
1241,S67H
1242,S67I
1243,S67K
1244,S67L
1245,S67M
1246,S67N
1247,S67P
1248,S67Q
1249,S67R
1250,S67T
1251,S67V
1252,S67W
1253,S67Y
1254,D68A
1255,D68C
1256,D68E
1257,D68F
1258,D68G
1259,D68H
1260,D68I
1261,D68K
1262,D68L
1263,D68M
1264,D68N
1265,D68P
1266,D68Q
1267,D68R
1268,D68S
1269,D68T
1270,D68V
1271,D68W
1272,D68Y
1273,I69A
1274,I69C
1275,I69D
1276,I69E
1277,I69F
1278,I69G
1279,I69H
1280,I69K
1281,I69L
1282,I69M
1283,I69N
1284,I69P
1285,I69Q
1286,I69R
1287,I69S
1288,I69T
1289,I69V
1290,I69W
1291,I69Y
1292,R70A
1293,R70C
1294,R70D
1295,R70E
1296,R70F
1297,R70G
1298,R70H
1299,R70I
1300,R70K
1301,R70L
1302,R70M
1303,R70N
1304,R70P
1305,R70Q
1306,R70S
1307,R70T
1308,R70V
1309,R70W
1310,R70Y
1311,R71A
1312,R71C
1313,R71D
1314,R71E
1315,R71F
1316,R71G
1317,R71H
1318,R71I
1319,R71K
1320,R71L
1321,R71M
1322,R71N
1323,R71P
1324,R71Q
1325,R71S
1326,R71T
1327,R71V
1328,R71W
1329,R71Y
1330,G72A
1331,G72C
1332,G72D
1333,G72E
1334,G72F
1335,G72H
1336,G72I
1337,G72K
1338,G72L
1339,G72M
1340,G72N
1341,G72P
1342,G72Q
1343,G72R
1344,G72S
1345,G72T
1346,G72V
1347,G72W
1348,G72Y
1349,L73A
1350,L73C
1351,L73D
1352,L73E
1353,L73F
1354,L73G
1355,L73H
1356,L73I
1357,L73K
1358,L73M
1359,L73N
1360,L73P
1361,L73Q
1362,L73R
1363,L73S
1364,L73T
1365,L73V
1366,L73W
1367,L73Y
1368,S74A
1369,S74C
1370,S74D
1371,S74E
1372,S74F
1373,S74G
1374,S74H
1375,S74I
1376,S74K
1377,S74L
1378,S74M
1379,S74N
1380,S74P
1381,S74Q
1382,S74R
1383,S74T
1384,S74V
1385,S74W
1386,S74Y
1387,K75A
1388,K75C
1389,K75D
1390,K75E
1391,K75F
1392,K75G
1393,K75H
1394,K75I
1395,K75L
1396,K75M
1397,K75N
1398,K75P
1399,K75Q
1400,K75R
1401,K75S
1402,K75T
1403,K75V
1404,K75W
1405,K75Y
1406,A76C
1407,A76D
1408,A76E
1409,A76F
1410,A76G
1411,A76H
1412,A76I
1413,A76K
1414,A76L
1415,A76M
1416,A76N
1417,A76P
1418,A76Q
1419,A76R
1420,A76S
1421,A76T
1422,A76V
1423,A76W
1424,A76Y
1425,M77A
1426,M77C
1427,M77D
1428,M77E
1429,M77F
1430,M77G
1431,M77H
1432,M77I
1433,M77K
1434,M77L
1435,M77N
1436,M77P
1437,M77Q
1438,M77R
1439,M77S
1440,M77T
1441,M77V
1442,M77W
1443,M77Y
1444,V78A
1445,V78C
1446,V78D
1447,V78E
1448,V78F
1449,V78G
1450,V78H
1451,V78I
1452,V78K
1453,V78L
1454,V78M
1455,V78N
1456,V78P
1457,V78Q
1458,V78R
1459,V78S
1460,V78T
1461,V78W
1462,V78Y
1463,Y79A
1464,Y79C
1465,Y79D
1466,Y79E
1467,Y79F
1468,Y79G
1469,Y79H
1470,Y79I
1471,Y79K
1472,Y79L
1473,Y79M
1474,Y79N
1475,Y79P
1476,Y79Q
1477,Y79R
1478,Y79S
1479,Y79T
1480,Y79V
1481,Y79W
1482,Y80A
1483,Y80C
1484,Y80D
1485,Y80E
1486,Y80F
1487,Y80G
1488,Y80H
1489,Y80I
1490,Y80K
1491,Y80L
1492,Y80M
1493,Y80N
1494,Y80P
1495,Y80Q
1496,Y80R
1497,Y80S
1498,Y80T
1499,Y80V
1500,Y80W
1501,Y81A
1502,Y81C
1503,Y81D
1504,Y81E
1505,Y81F
1506,Y81G
1507,Y81H
1508,Y81I
1509,Y81K
1510,Y81L
1511,Y81M
1512,Y81N
1513,Y81P
1514,Y81Q
1515,Y81R
1516,Y81S
1517,Y81T
1518,Y81V
1519,Y81W
1520,P82A
1521,P82C
1522,P82D
1523,P82E
1524,P82F
1525,P82G
1526,P82H
1527,P82I
1528,P82K
1529,P82L
1530,P82M
1531,P82N
1532,P82Q
1533,P82R
1534,P82S
1535,P82T
1536,P82V
1537,P82W
1538,P82Y
1539,F83A
1540,F83C
1541,F83D
1542,F83E
1543,F83G
1544,F83H
1545,F83I
1546,F83K
1547,F83L
1548,F83M
1549,F83N
1550,F83P
1551,F83Q
1552,F83R
1553,F83S
1554,F83T
1555,F83V
1556,F83W
1557,F83Y
1558,A84C
1559,A84D
1560,A84E
1561,A84F
1562,A84G
1563,A84H
1564,A84I
1565,A84K
1566,A84L
1567,A84M
1568,A84N
1569,A84P
1570,A84Q
1571,A84R
1572,A84S
1573,A84T
1574,A84V
1575,A84W
1576,A84Y
1577,G85A
1578,G85C
1579,G85D
1580,G85E
1581,G85F
1582,G85H
1583,G85I
1584,G85K
1585,G85L
1586,G85M
1587,G85N
1588,G85P
1589,G85Q
1590,G85R
1591,G85S
1592,G85T
1593,G85V
1594,G85W
1595,G85Y
1596,R86A
1597,R86C
1598,R86D
1599,R86E
1600,R86F
1601,R86G
1602,R86H
1603,R86I
1604,R86K
1605,R86L
1606,R86M
1607,R86N
1608,R86P
1609,R86Q
1610,R86S
1611,R86T
1612,R86V
1613,R86W
1614,R86Y
1615,I87A
1616,I87C
1617,I87D
1618,I87E
1619,I87F
1620,I87G
1621,I87H
1622,I87K
1623,I87L
1624,I87M
1625,I87N
1626,I87P
1627,I87Q
1628,I87R
1629,I87S
1630,I87T
1631,I87V
1632,I87W
1633,I87Y
1634,R88A
1635,R88C
1636,R88D
1637,R88E
1638,R88F
1639,R88G
1640,R88H
1641,R88I
1642,R88K
1643,R88L
1644,R88M
1645,R88N
1646,R88P
1647,R88Q
1648,R88S
1649,R88T
1650,R88V
1651,R88W
1652,R88Y
1653,E89A
1654,E89C
1655,E89D
1656,E89F
1657,E89G
1658,E89H
1659,E89I
1660,E89K
1661,E89L
1662,E89M
1663,E89N
1664,E89P
1665,E89Q
1666,E89R
1667,E89S
1668,E89T
1669,E89V
1670,E89W
1671,E89Y
1672,G90A
1673,G90C
1674,G90D
1675,G90E
1676,G90F
1677,G90H
1678,G90I
1679,G90K
1680,G90L
1681,G90M
1682,G90N
1683,G90P
1684,G90Q
1685,G90R
1686,G90S
1687,G90T
1688,G90V
1689,G90W
1690,G90Y
1691,P91A
1692,P91C
1693,P91D
1694,P91E
1695,P91F
1696,P91G
1697,P91H
1698,P91I
1699,P91K
1700,P91L
1701,P91M
1702,P91N
1703,P91Q
1704,P91R
1705,P91S
1706,P91T
1707,P91V
1708,P91W
1709,P91Y
1710,N92A
1711,N92C
1712,N92D
1713,N92E
1714,N92F
1715,N92G
1716,N92H
1717,N92I
1718,N92K
1719,N92L
1720,N92M
1721,N92P
1722,N92Q
1723,N92R
1724,N92S
1725,N92T
1726,N92V
1727,N92W
1728,N92Y
1729,R93A
1730,R93C
1731,R93D
1732,R93E
1733,R93F
1734,R93G
1735,R93H
1736,R93I
1737,R93K
1738,R93L
1739,R93M
1740,R93N
1741,R93P
1742,R93Q
1743,R93S
1744,R93T
1745,R93V
1746,R93W
1747,R93Y
1748,K94A
1749,K94C
1750,K94D
1751,K94E
1752,K94F
1753,K94G
1754,K94H
1755,K94I
1756,K94L
1757,K94M
1758,K94N
1759,K94P
1760,K94Q
1761,K94R
1762,K94S
1763,K94T
1764,K94V
1765,K94W
1766,K94Y
1767,L95A
1768,L95C
1769,L95D
1770,L95E
1771,L95F
1772,L95G
1773,L95H
1774,L95I
1775,L95K
1776,L95M
1777,L95N
1778,L95P
1779,L95Q
1780,L95R
1781,L95S
1782,L95T
1783,L95V
1784,L95W
1785,L95Y
1786,S96A
1787,S96C
1788,S96D
1789,S96E
1790,S96F
1791,S96G
1792,S96H
1793,S96I
1794,S96K
1795,S96L
1796,S96M
1797,S96N
1798,S96P
1799,S96Q
1800,S96R
1801,S96T
1802,S96V
1803,S96W
1804,S96Y
1805,V97A
1806,V97C
1807,V97D
1808,V97E
1809,V97F
1810,V97G
1811,V97H
1812,V97I
1813,V97K
1814,V97L
1815,V97M
1816,V97N
1817,V97P
1818,V97Q
1819,V97R
1820,V97S
1821,V97T
1822,V97W
1823,V97Y
1824,D98A
1825,D98C
1826,D98E
1827,D98F
1828,D98G
1829,D98H
1830,D98I
1831,D98K
1832,D98L
1833,D98M
1834,D98N
1835,D98P
1836,D98Q
1837,D98R
1838,D98S
1839,D98T
1840,D98V
1841,D98W
1842,D98Y
1843,C99A
1844,C99D
1845,C99E
1846,C99F
1847,C99G
1848,C99H
1849,C99I
1850,C99K
1851,C99L
1852,C99M
1853,C99N
1854,C99P
1855,C99Q
1856,C99R
1857,C99S
1858,C99T
1859,C99V
1860,C99W
1861,C99Y
1862,T100A
1863,T100C
1864,T100D
1865,T100E
1866,T100F
1867,T100G
1868,T100H
1869,T100I
1870,T100K
1871,T100L
1872,T100M
1873,T100N
1874,T100P
1875,T100Q
1876,T100R
1877,T100S
1878,T100V
1879,T100W
1880,T100Y
1881,G101A
1882,G101C
1883,G101D
1884,G101E
1885,G101F
1886,G101H
1887,G101I
1888,G101K
1889,G101L
1890,G101M
1891,G101N
1892,G101P
1893,G101Q
1894,G101R
1895,G101S
1896,G101T
1897,G101V
1898,G101W
1899,G101Y
1900,E102A
1901,E102C
1902,E102D
1903,E102F
1904,E102G
1905,E102H
1906,E102I
1907,E102K
1908,E102L
1909,E102M
1910,E102N
1911,E102P
1912,E102Q
1913,E102R
1914,E102S
1915,E102T
1916,E102V
1917,E102W
1918,E102Y
1919,G103A
1920,G103C
1921,G103D
1922,G103E
1923,G103F
1924,G103H
1925,G103I
1926,G103K
1927,G103L
1928,G103M
1929,G103N
1930,G103P
1931,G103Q
1932,G103R
1933,G103S
1934,G103T
1935,G103V
1936,G103W
1937,G103Y
1938,I104A
1939,I104C
1940,I104D
1941,I104E
1942,I104F
1943,I104G
1944,I104H
1945,I104K
1946,I104L
1947,I104M
1948,I104N
1949,I104P
1950,I104Q
1951,I104R
1952,I104S
1953,I104T
1954,I104V
1955,I104W
1956,I104Y
1957,V105A
1958,V105C
1959,V105D
1960,V105E
1961,V105F
1962,V105G
1963,V105H
1964,V105I
1965,V105K
1966,V105L
1967,V105M
1968,V105N
1969,V105P
1970,V105Q
1971,V105R
1972,V105S
1973,V105T
1974,V105W
1975,V105Y
1976,F106A
1977,F106C
1978,F106D
1979,F106E
1980,F106G
1981,F106H
1982,F106I
1983,F106K
1984,F106L
1985,F106M
1986,F106N
1987,F106P
1988,F106Q
1989,F106R
1990,F106S
1991,F106T
1992,F106V
1993,F106W
1994,F106Y
1995,C107A
1996,C107D
1997,C107E
1998,C107F
1999,C107G
2000,C107H
2001,C107I
2002,C107K
2003,C107L
2004,C107M
2005,C107N
2006,C107P
2007,C107Q
2008,C107R
2009,C107S
2010,C107T
2011,C107V
2012,C107W
2013,C107Y
2014,E108A
2015,E108C
2016,E108D
2017,E108F
2018,E108G
2019,E108H
2020,E108I
2021,E108K
2022,E108L
2023,E108M
2024,E108N
2025,E108P
2026,E108Q
2027,E108R
2028,E108S
2029,E108T
2030,E108V
2031,E108W
2032,E108Y
2033,A109C
2034,A109D
2035,A109E
2036,A109F
2037,A109G
2038,A109H
2039,A109I
2040,A109K
2041,A109L
2042,A109M
2043,A109N
2044,A109P
2045,A109Q
2046,A109R
2047,A109S
2048,A109T
2049,A109V
2050,A109W
2051,A109Y
2052,D110A
2053,D110C
2054,D110E
2055,D110F
2056,D110G
2057,D110H
2058,D110I
2059,D110K
2060,D110L
2061,D110M
2062,D110N
2063,D110P
2064,D110Q
2065,D110R
2066,D110S
2067,D110T
2068,D110V
2069,D110W
2070,D110Y
2071,A111C
2072,A111D
2073,A111E
2074,A111F
2075,A111G
2076,A111H
2077,A111I
2078,A111K
2079,A111L
2080,A111M
2081,A111N
2082,A111P
2083,A111Q
2084,A111R
2085,A111S
2086,A111T
2087,A111V
2088,A111W
2089,A111Y
2090,D112A
2091,D112C
2092,D112E
2093,D112F
2094,D112G
2095,D112H
2096,D112I
2097,D112K
2098,D112L
2099,D112M
2100,D112N
2101,D112P
2102,D112Q
2103,D112R
2104,D112S
2105,D112T
2106,D112V
2107,D112W
2108,D112Y
2109,I113A
2110,I113C
2111,I113D
2112,I113E
2113,I113F
2114,I113G
2115,I113H
2116,I113K
2117,I113L
2118,I113M
2119,I113N
2120,I113P
2121,I113Q
2122,I113R
2123,I113S
2124,I113T
2125,I113V
2126,I113W
2127,I113Y
2128,R114A
2129,R114C
2130,R114D
2131,R114E
2132,R114F
2133,R114G
2134,R114H
2135,R114I
2136,R114K
2137,R114L
2138,R114M
2139,R114N
2140,R114P
2141,R114Q
2142,R114S
2143,R114T
2144,R114V
2145,R114W
2146,R114Y
2147,L115A
2148,L115C
2149,L115D
2150,L115E
2151,L115F
2152,L115G
2153,L115H
2154,L115I
2155,L115K
2156,L115M
2157,L115N
2158,L115P
2159,L115Q
2160,L115R
2161,L115S
2162,L115T
2163,L115V
2164,L115W
2165,L115Y
2166,D116A
2167,D116C
2168,D116E
2169,D116F
2170,D116G
2171,D116H
2172,D116I
2173,D116K
2174,D116L
2175,D116M
2176,D116N
2177,D116P
2178,D116Q
2179,D116R
2180,D116S
2181,D116T
2182,D116V
2183,D116W
2184,D116Y
2185,G117A
2186,G117C
2187,G117D
2188,G117E
2189,G117F
2190,G117H
2191,G117I
2192,G117K
2193,G117L
2194,G117M
2195,G117N
2196,G117P
2197,G117Q
2198,G117R
2199,G117S
2200,G117T
2201,G117V
2202,G117W
2203,G117Y
2204,L118A
2205,L118C
2206,L118D
2207,L118E
2208,L118F
2209,L118G
2210,L118H
2211,L118I
2212,L118K
2213,L118M
2214,L118N
2215,L118P
2216,L118Q
2217,L118R
2218,L118S
2219,L118T
2220,L118V
2221,L118W
2222,L118Y
2223,G119A
2224,G119C
2225,G119D
2226,G119E
2227,G119F
2228,G119H
2229,G119I
2230,G119K
2231,G119L
2232,G119M
2233,G119N
2234,G119P
2235,G119Q
2236,G119R
2237,G119S
2238,G119T
2239,G119V
2240,G119W
2241,G119Y
2242,D120A
2243,D120C
2244,D120E
2245,D120F
2246,D120G
2247,D120H
2248,D120I
2249,D120K
2250,D120L
2251,D120M
2252,D120N
2253,D120P
2254,D120Q
2255,D120R
2256,D120S
2257,D120T
2258,D120V
2259,D120W
2260,D120Y
2261,V121A
2262,V121C
2263,V121D
2264,V121E
2265,V121F
2266,V121G
2267,V121H
2268,V121I
2269,V121K
2270,V121L
2271,V121M
2272,V121N
2273,V121P
2274,V121Q
2275,V121R
2276,V121S
2277,V121T
2278,V121W
2279,V121Y
2280,E122A
2281,E122C
2282,E122D
2283,E122F
2284,E122G
2285,E122H
2286,E122I
2287,E122K
2288,E122L
2289,E122M
2290,E122N
2291,E122P
2292,E122Q
2293,E122R
2294,E122S
2295,E122T
2296,E122V
2297,E122W
2298,E122Y
2299,V123A
2300,V123C
2301,V123D
2302,V123E
2303,V123F
2304,V123G
2305,V123H
2306,V123I
2307,V123K
2308,V123L
2309,V123M
2310,V123N
2311,V123P
2312,V123Q
2313,V123R
2314,V123S
2315,V123T
2316,V123W
2317,V123Y
2318,L124A
2319,L124C
2320,L124D
2321,L124E
2322,L124F
2323,L124G
2324,L124H
2325,L124I
2326,L124K
2327,L124M
2328,L124N
2329,L124P
2330,L124Q
2331,L124R
2332,L124S
2333,L124T
2334,L124V
2335,L124W
2336,L124Y
2337,R125A
2338,R125C
2339,R125D
2340,R125E
2341,R125F
2342,R125G
2343,R125H
2344,R125I
2345,R125K
2346,R125L
2347,R125M
2348,R125N
2349,R125P
2350,R125Q
2351,R125S
2352,R125T
2353,R125V
2354,R125W
2355,R125Y
2356,P126A
2357,P126C
2358,P126D
2359,P126E
2360,P126F
2361,P126G
2362,P126H
2363,P126I
2364,P126K
2365,P126L
2366,P126M
2367,P126N
2368,P126Q
2369,P126R
2370,P126S
2371,P126T
2372,P126V
2373,P126W
2374,P126Y
2375,P127A
2376,P127C
2377,P127D
2378,P127E
2379,P127F
2380,P127G
2381,P127H
2382,P127I
2383,P127K
2384,P127L
2385,P127M
2386,P127N
2387,P127Q
2388,P127R
2389,P127S
2390,P127T
2391,P127V
2392,P127W
2393,P127Y
2394,Y128A
2395,Y128C
2396,Y128D
2397,Y128E
2398,Y128F
2399,Y128G
2400,Y128H
2401,Y128I
2402,Y128K
2403,Y128L
2404,Y128M
2405,Y128N
2406,Y128P
2407,Y128Q
2408,Y128R
2409,Y128S
2410,Y128T
2411,Y128V
2412,Y128W
2413,P129A
2414,P129C
2415,P129D
2416,P129E
2417,P129F
2418,P129G
2419,P129H
2420,P129I
2421,P129K
2422,P129L
2423,P129M
2424,P129N
2425,P129Q
2426,P129R
2427,P129S
2428,P129T
2429,P129V
2430,P129W
2431,P129Y
2432,F130A
2433,F130C
2434,F130D
2435,F130E
2436,F130G
2437,F130H
2438,F130I
2439,F130K
2440,F130L
2441,F130M
2442,F130N
2443,F130P
2444,F130Q
2445,F130R
2446,F130S
2447,F130T
2448,F130V
2449,F130W
2450,F130Y
2451,I131A
2452,I131C
2453,I131D
2454,I131E
2455,I131F
2456,I131G
2457,I131H
2458,I131K
2459,I131L
2460,I131M
2461,I131N
2462,I131P
2463,I131Q
2464,I131R
2465,I131S
2466,I131T
2467,I131V
2468,I131W
2469,I131Y
2470,D132A
2471,D132C
2472,D132E
2473,D132F
2474,D132G
2475,D132H
2476,D132I
2477,D132K
2478,D132L
2479,D132M
2480,D132N
2481,D132P
2482,D132Q
2483,D132R
2484,D132S
2485,D132T
2486,D132V
2487,D132W
2488,D132Y
2489,K133A
2490,K133C
2491,K133D
2492,K133E
2493,K133F
2494,K133G
2495,K133H
2496,K133I
2497,K133L
2498,K133M
2499,K133N
2500,K133P
2501,K133Q
2502,K133R
2503,K133S
2504,K133T
2505,K133V
2506,K133W
2507,K133Y
2508,M134A
2509,M134C
2510,M134D
2511,M134E
2512,M134F
2513,M134G
2514,M134H
2515,M134I
2516,M134K
2517,M134L
2518,M134N
2519,M134P
2520,M134Q
2521,M134R
2522,M134S
2523,M134T
2524,M134V
2525,M134W
2526,M134Y
2527,T135A
2528,T135C
2529,T135D
2530,T135E
2531,T135F
2532,T135G
2533,T135H
2534,T135I
2535,T135K
2536,T135L
2537,T135M
2538,T135N
2539,T135P
2540,T135Q
2541,T135R
2542,T135S
2543,T135V
2544,T135W
2545,T135Y
2546,L136A
2547,L136C
2548,L136D
2549,L136E
2550,L136F
2551,L136G
2552,L136H
2553,L136I
2554,L136K
2555,L136M
2556,L136N
2557,L136P
2558,L136Q
2559,L136R
2560,L136S
2561,L136T
2562,L136V
2563,L136W
2564,L136Y
2565,G137A
2566,G137C
2567,G137D
2568,G137E
2569,G137F
2570,G137H
2571,G137I
2572,G137K
2573,G137L
2574,G137M
2575,G137N
2576,G137P
2577,G137Q
2578,G137R
2579,G137S
2580,G137T
2581,G137V
2582,G137W
2583,G137Y
2584,E138A
2585,E138C
2586,E138D
2587,E138F
2588,E138G
2589,E138H
2590,E138I
2591,E138K
2592,E138L
2593,E138M
2594,E138N
2595,E138P
2596,E138Q
2597,E138R
2598,E138S
2599,E138T
2600,E138V
2601,E138W
2602,E138Y
2603,G139A
2604,G139C
2605,G139D
2606,G139E
2607,G139F
2608,G139H
2609,G139I
2610,G139K
2611,G139L
2612,G139M
2613,G139N
2614,G139P
2615,G139Q
2616,G139R
2617,G139S
2618,G139T
2619,G139V
2620,G139W
2621,G139Y
2622,S140A
2623,S140C
2624,S140D
2625,S140E
2626,S140F
2627,S140G
2628,S140H
2629,S140I
2630,S140K
2631,S140L
2632,S140M
2633,S140N
2634,S140P
2635,S140Q
2636,S140R
2637,S140T
2638,S140V
2639,S140W
2640,S140Y
2641,A141C
2642,A141D
2643,A141E
2644,A141F
2645,A141G
2646,A141H
2647,A141I
2648,A141K
2649,A141L
2650,A141M
2651,A141N
2652,A141P
2653,A141Q
2654,A141R
2655,A141S
2656,A141T
2657,A141V
2658,A141W
2659,A141Y
2660,I142A
2661,I142C
2662,I142D
2663,I142E
2664,I142F
2665,I142G
2666,I142H
2667,I142K
2668,I142L
2669,I142M
2670,I142N
2671,I142P
2672,I142Q
2673,I142R
2674,I142S
2675,I142T
2676,I142V
2677,I142W
2678,I142Y
2679,L143A
2680,L143C
2681,L143D
2682,L143E
2683,L143F
2684,L143G
2685,L143H
2686,L143I
2687,L143K
2688,L143M
2689,L143N
2690,L143P
2691,L143Q
2692,L143R
2693,L143S
2694,L143T
2695,L143V
2696,L143W
2697,L143Y
2698,G144A
2699,G144C
2700,G144D
2701,G144E
2702,G144F
2703,G144H
2704,G144I
2705,G144K
2706,G144L
2707,G144M
2708,G144N
2709,G144P
2710,G144Q
2711,G144R
2712,G144S
2713,G144T
2714,G144V
2715,G144W
2716,G144Y
2717,A145C
2718,A145D
2719,A145E
2720,A145F
2721,A145G
2722,A145H
2723,A145I
2724,A145K
2725,A145L
2726,A145M
2727,A145N
2728,A145P
2729,A145Q
2730,A145R
2731,A145S
2732,A145T
2733,A145V
2734,A145W
2735,A145Y
2736,P146A
2737,P146C
2738,P146D
2739,P146E
2740,P146F
2741,P146G
2742,P146H
2743,P146I
2744,P146K
2745,P146L
2746,P146M
2747,P146N
2748,P146Q
2749,P146R
2750,P146S
2751,P146T
2752,P146V
2753,P146W
2754,P146Y
2755,L147A
2756,L147C
2757,L147D
2758,L147E
2759,L147F
2760,L147G
2761,L147H
2762,L147I
2763,L147K
2764,L147M
2765,L147N
2766,L147P
2767,L147Q
2768,L147R
2769,L147S
2770,L147T
2771,L147V
2772,L147W
2773,L147Y
2774,V148A
2775,V148C
2776,V148D
2777,V148E
2778,V148F
2779,V148G
2780,V148H
2781,V148I
2782,V148K
2783,V148L
2784,V148M
2785,V148N
2786,V148P
2787,V148Q
2788,V148R
2789,V148S
2790,V148T
2791,V148W
2792,V148Y
2793,Y149A
2794,Y149C
2795,Y149D
2796,Y149E
2797,Y149F
2798,Y149G
2799,Y149H
2800,Y149I
2801,Y149K
2802,Y149L
2803,Y149M
2804,Y149N
2805,Y149P
2806,Y149Q
2807,Y149R
2808,Y149S
2809,Y149T
2810,Y149V
2811,Y149W
2812,V150A
2813,V150C
2814,V150D
2815,V150E
2816,V150F
2817,V150G
2818,V150H
2819,V150I
2820,V150K
2821,V150L
2822,V150M
2823,V150N
2824,V150P
2825,V150Q
2826,V150R
2827,V150S
2828,V150T
2829,V150W
2830,V150Y
2831,Q151A
2832,Q151C
2833,Q151D
2834,Q151E
2835,Q151F
2836,Q151G
2837,Q151H
2838,Q151I
2839,Q151K
2840,Q151L
2841,Q151M
2842,Q151N
2843,Q151P
2844,Q151R
2845,Q151S
2846,Q151T
2847,Q151V
2848,Q151W
2849,Q151Y
2850,V152A
2851,V152C
2852,V152D
2853,V152E
2854,V152F
2855,V152G
2856,V152H
2857,V152I
2858,V152K
2859,V152L
2860,V152M
2861,V152N
2862,V152P
2863,V152Q
2864,V152R
2865,V152S
2866,V152T
2867,V152W
2868,V152Y
2869,T153A
2870,T153C
2871,T153D
2872,T153E
2873,T153F
2874,T153G
2875,T153H
2876,T153I
2877,T153K
2878,T153L
2879,T153M
2880,T153N
2881,T153P
2882,T153Q
2883,T153R
2884,T153S
2885,T153V
2886,T153W
2887,T153Y
2888,R154A
2889,R154C
2890,R154D
2891,R154E
2892,R154F
2893,R154G
2894,R154H
2895,R154I
2896,R154K
2897,R154L
2898,R154M
2899,R154N
2900,R154P
2901,R154Q
2902,R154S
2903,R154T
2904,R154V
2905,R154W
2906,R154Y
2907,F155A
2908,F155C
2909,F155D
2910,F155E
2911,F155G
2912,F155H
2913,F155I
2914,F155K
2915,F155L
2916,F155M
2917,F155N
2918,F155P
2919,F155Q
2920,F155R
2921,F155S
2922,F155T
2923,F155V
2924,F155W
2925,F155Y
2926,A156C
2927,A156D
2928,A156E
2929,A156F
2930,A156G
2931,A156H
2932,A156I
2933,A156K
2934,A156L
2935,A156M
2936,A156N
2937,A156P
2938,A156Q
2939,A156R
2940,A156S
2941,A156T
2942,A156V
2943,A156W
2944,A156Y
2945,C157A
2946,C157D
2947,C157E
2948,C157F
2949,C157G
2950,C157H
2951,C157I
2952,C157K
2953,C157L
2954,C157M
2955,C157N
2956,C157P
2957,C157Q
2958,C157R
2959,C157S
2960,C157T
2961,C157V
2962,C157W
2963,C157Y
2964,G158A
2965,G158C
2966,G158D
2967,G158E
2968,G158F
2969,G158H
2970,G158I
2971,G158K
2972,G158L
2973,G158M
2974,G158N
2975,G158P
2976,G158Q
2977,G158R
2978,G158S
2979,G158T
2980,G158V
2981,G158W
2982,G158Y
2983,G159A
2984,G159C
2985,G159D
2986,G159E
2987,G159F
2988,G159H
2989,G159I
2990,G159K
2991,G159L
2992,G159M
2993,G159N
2994,G159P
2995,G159Q
2996,G159R
2997,G159S
2998,G159T
2999,G159V
3000,G159W
3001,G159Y
3002,F160A
3003,F160C
3004,F160D
3005,F160E
3006,F160G
3007,F160H
3008,F160I
3009,F160K
3010,F160L
3011,F160M
3012,F160N
3013,F160P
3014,F160Q
3015,F160R
3016,F160S
3017,F160T
3018,F160V
3019,F160W
3020,F160Y
3021,I161A
3022,I161C
3023,I161D
3024,I161E
3025,I161F
3026,I161G
3027,I161H
3028,I161K
3029,I161L
3030,I161M
3031,I161N
3032,I161P
3033,I161Q
3034,I161R
3035,I161S
3036,I161T
3037,I161V
3038,I161W
3039,I161Y
3040,I162A
3041,I162C
3042,I162D
3043,I162E
3044,I162F
3045,I162G
3046,I162H
3047,I162K
3048,I162L
3049,I162M
3050,I162N
3051,I162P
3052,I162Q
3053,I162R
3054,I162S
3055,I162T
3056,I162V
3057,I162W
3058,I162Y
3059,T163A
3060,T163C
3061,T163D
3062,T163E
3063,T163F
3064,T163G
3065,T163H
3066,T163I
3067,T163K
3068,T163L
3069,T163M
3070,T163N
3071,T163P
3072,T163Q
3073,T163R
3074,T163S
3075,T163V
3076,T163W
3077,T163Y
3078,G164A
3079,G164C
3080,G164D
3081,G164E
3082,G164F
3083,G164H
3084,G164I
3085,G164K
3086,G164L
3087,G164M
3088,G164N
3089,G164P
3090,G164Q
3091,G164R
3092,G164S
3093,G164T
3094,G164V
3095,G164W
3096,G164Y
3097,R165A
3098,R165C
3099,R165D
3100,R165E
3101,R165F
3102,R165G
3103,R165H
3104,R165I
3105,R165K
3106,R165L
3107,R165M
3108,R165N
3109,R165P
3110,R165Q
3111,R165S
3112,R165T
3113,R165V
3114,R165W
3115,R165Y
3116,F166A
3117,F166C
3118,F166D
3119,F166E
3120,F166G
3121,F166H
3122,F166I
3123,F166K
3124,F166L
3125,F166M
3126,F166N
3127,F166P
3128,F166Q
3129,F166R
3130,F166S
3131,F166T
3132,F166V
3133,F166W
3134,F166Y
3135,N167A
3136,N167C
3137,N167D
3138,N167E
3139,N167F
3140,N167G
3141,N167H
3142,N167I
3143,N167K
3144,N167L
3145,N167M
3146,N167P
3147,N167Q
3148,N167R
3149,N167S
3150,N167T
3151,N167V
3152,N167W
3153,N167Y
3154,H168A
3155,H168C
3156,H168D
3157,H168E
3158,H168F
3159,H168G
3160,H168I
3161,H168K
3162,H168L
3163,H168M
3164,H168N
3165,H168P
3166,H168Q
3167,H168R
3168,H168S
3169,H168T
3170,H168V
3171,H168W
3172,H168Y
3173,V169A
3174,V169C
3175,V169D
3176,V169E
3177,V169F
3178,V169G
3179,V169H
3180,V169I
3181,V169K
3182,V169L
3183,V169M
3184,V169N
3185,V169P
3186,V169Q
3187,V169R
3188,V169S
3189,V169T
3190,V169W
3191,V169Y
3192,M170A
3193,M170C
3194,M170D
3195,M170E
3196,M170F
3197,M170G
3198,M170H
3199,M170I
3200,M170K
3201,M170L
3202,M170N
3203,M170P
3204,M170Q
3205,M170R
3206,M170S
3207,M170T
3208,M170V
3209,M170W
3210,M170Y
3211,A171C
3212,A171D
3213,A171E
3214,A171F
3215,A171G
3216,A171H
3217,A171I
3218,A171K
3219,A171L
3220,A171M
3221,A171N
3222,A171P
3223,A171Q
3224,A171R
3225,A171S
3226,A171T
3227,A171V
3228,A171W
3229,A171Y
3230,D172A
3231,D172C
3232,D172E
3233,D172F
3234,D172G
3235,D172H
3236,D172I
3237,D172K
3238,D172L
3239,D172M
3240,D172N
3241,D172P
3242,D172Q
3243,D172R
3244,D172S
3245,D172T
3246,D172V
3247,D172W
3248,D172Y
3249,A173C
3250,A173D
3251,A173E
3252,A173F
3253,A173G
3254,A173H
3255,A173I
3256,A173K
3257,A173L
3258,A173M
3259,A173N
3260,A173P
3261,A173Q
3262,A173R
3263,A173S
3264,A173T
3265,A173V
3266,A173W
3267,A173Y
3268,P174A
3269,P174C
3270,P174D
3271,P174E
3272,P174F
3273,P174G
3274,P174H
3275,P174I
3276,P174K
3277,P174L
3278,P174M
3279,P174N
3280,P174Q
3281,P174R
3282,P174S
3283,P174T
3284,P174V
3285,P174W
3286,P174Y
3287,G175A
3288,G175C
3289,G175D
3290,G175E
3291,G175F
3292,G175H
3293,G175I
3294,G175K
3295,G175L
3296,G175M
3297,G175N
3298,G175P
3299,G175Q
3300,G175R
3301,G175S
3302,G175T
3303,G175V
3304,G175W
3305,G175Y
3306,F176A
3307,F176C
3308,F176D
3309,F176E
3310,F176G
3311,F176H
3312,F176I
3313,F176K
3314,F176L
3315,F176M
3316,F176N
3317,F176P
3318,F176Q
3319,F176R
3320,F176S
3321,F176T
3322,F176V
3323,F176W
3324,F176Y
3325,T177A
3326,T177C
3327,T177D
3328,T177E
3329,T177F
3330,T177G
3331,T177H
3332,T177I
3333,T177K
3334,T177L
3335,T177M
3336,T177N
3337,T177P
3338,T177Q
3339,T177R
3340,T177S
3341,T177V
3342,T177W
3343,T177Y
3344,M178A
3345,M178C
3346,M178D
3347,M178E
3348,M178F
3349,M178G
3350,M178H
3351,M178I
3352,M178K
3353,M178L
3354,M178N
3355,M178P
3356,M178Q
3357,M178R
3358,M178S
3359,M178T
3360,M178V
3361,M178W
3362,M178Y
3363,F179A
3364,F179C
3365,F179D
3366,F179E
3367,F179G
3368,F179H
3369,F179I
3370,F179K
3371,F179L
3372,F179M
3373,F179N
3374,F179P
3375,F179Q
3376,F179R
3377,F179S
3378,F179T
3379,F179V
3380,F179W
3381,F179Y
3382,M180A
3383,M180C
3384,M180D
3385,M180E
3386,M180F
3387,M180G
3388,M180H
3389,M180I
3390,M180K
3391,M180L
3392,M180N
3393,M180P
3394,M180Q
3395,M180R
3396,M180S
3397,M180T
3398,M180V
3399,M180W
3400,M180Y
3401,K181A
3402,K181C
3403,K181D
3404,K181E
3405,K181F
3406,K181G
3407,K181H
3408,K181I
3409,K181L
3410,K181M
3411,K181N
3412,K181P
3413,K181Q
3414,K181R
3415,K181S
3416,K181T
3417,K181V
3418,K181W
3419,K181Y
3420,A182C
3421,A182D
3422,A182E
3423,A182F
3424,A182G
3425,A182H
3426,A182I
3427,A182K
3428,A182L
3429,A182M
3430,A182N
3431,A182P
3432,A182Q
3433,A182R
3434,A182S
3435,A182T
3436,A182V
3437,A182W
3438,A182Y
3439,A183C
3440,A183D
3441,A183E
3442,A183F
3443,A183G
3444,A183H
3445,A183I
3446,A183K
3447,A183L
3448,A183M
3449,A183N
3450,A183P
3451,A183Q
3452,A183R
3453,A183S
3454,A183T
3455,A183V
3456,A183W
3457,A183Y
3458,A184C
3459,A184D
3460,A184E
3461,A184F
3462,A184G
3463,A184H
3464,A184I
3465,A184K
3466,A184L
3467,A184M
3468,A184N
3469,A184P
3470,A184Q
3471,A184R
3472,A184S
3473,A184T
3474,A184V
3475,A184W
3476,A184Y
3477,D185A
3478,D185C
3479,D185E
3480,D185F
3481,D185G
3482,D185H
3483,D185I
3484,D185K
3485,D185L
3486,D185M
3487,D185N
3488,D185P
3489,D185Q
3490,D185R
3491,D185S
3492,D185T
3493,D185V
3494,D185W
3495,D185Y
3496,L186A
3497,L186C
3498,L186D
3499,L186E
3500,L186F
3501,L186G
3502,L186H
3503,L186I
3504,L186K
3505,L186M
3506,L186N
3507,L186P
3508,L186Q
3509,L186R
3510,L186S
3511,L186T
3512,L186V
3513,L186W
3514,L186Y
3515,A187C
3516,A187D
3517,A187E
3518,A187F
3519,A187G
3520,A187H
3521,A187I
3522,A187K
3523,A187L
3524,A187M
3525,A187N
3526,A187P
3527,A187Q
3528,A187R
3529,A187S
3530,A187T
3531,A187V
3532,A187W
3533,A187Y
3534,R188A
3535,R188C
3536,R188D
3537,R188E
3538,R188F
3539,R188G
3540,R188H
3541,R188I
3542,R188K
3543,R188L
3544,R188M
3545,R188N
3546,R188P
3547,R188Q
3548,R188S
3549,R188T
3550,R188V
3551,R188W
3552,R188Y
3553,G189A
3554,G189C
3555,G189D
3556,G189E
3557,G189F
3558,G189H
3559,G189I
3560,G189K
3561,G189L
3562,G189M
3563,G189N
3564,G189P
3565,G189Q
3566,G189R
3567,G189S
3568,G189T
3569,G189V
3570,G189W
3571,G189Y
3572,A190C
3573,A190D
3574,A190E
3575,A190F
3576,A190G
3577,A190H
3578,A190I
3579,A190K
3580,A190L
3581,A190M
3582,A190N
3583,A190P
3584,A190Q
3585,A190R
3586,A190S
3587,A190T
3588,A190V
3589,A190W
3590,A190Y
3591,T191A
3592,T191C
3593,T191D
3594,T191E
3595,T191F
3596,T191G
3597,T191H
3598,T191I
3599,T191K
3600,T191L
3601,T191M
3602,T191N
3603,T191P
3604,T191Q
3605,T191R
3606,T191S
3607,T191V
3608,T191W
3609,T191Y
3610,V192A
3611,V192C
3612,V192D
3613,V192E
3614,V192F
3615,V192G
3616,V192H
3617,V192I
3618,V192K
3619,V192L
3620,V192M
3621,V192N
3622,V192P
3623,V192Q
3624,V192R
3625,V192S
3626,V192T
3627,V192W
3628,V192Y
3629,P193A
3630,P193C
3631,P193D
3632,P193E
3633,P193F
3634,P193G
3635,P193H
3636,P193I
3637,P193K
3638,P193L
3639,P193M
3640,P193N
3641,P193Q
3642,P193R
3643,P193S
3644,P193T
3645,P193V
3646,P193W
3647,P193Y
3648,M194A
3649,M194C
3650,M194D
3651,M194E
3652,M194F
3653,M194G
3654,M194H
3655,M194I
3656,M194K
3657,M194L
3658,M194N
3659,M194P
3660,M194Q
3661,M194R
3662,M194S
3663,M194T
3664,M194V
3665,M194W
3666,M194Y
3667,P195A
3668,P195C
3669,P195D
3670,P195E
3671,P195F
3672,P195G
3673,P195H
3674,P195I
3675,P195K
3676,P195L
3677,P195M
3678,P195N
3679,P195Q
3680,P195R
3681,P195S
3682,P195T
3683,P195V
3684,P195W
3685,P195Y
3686,L196A
3687,L196C
3688,L196D
3689,L196E
3690,L196F
3691,L196G
3692,L196H
3693,L196I
3694,L196K
3695,L196M
3696,L196N
3697,L196P
3698,L196Q
3699,L196R
3700,L196S
3701,L196T
3702,L196V
3703,L196W
3704,L196Y
3705,P197A
3706,P197C
3707,P197D
3708,P197E
3709,P197F
3710,P197G
3711,P197H
3712,P197I
3713,P197K
3714,P197L
3715,P197M
3716,P197N
3717,P197Q
3718,P197R
3719,P197S
3720,P197T
3721,P197V
3722,P197W
3723,P197Y
3724,V198A
3725,V198C
3726,V198D
3727,V198E
3728,V198F
3729,V198G
3730,V198H
3731,V198I
3732,V198K
3733,V198L
3734,V198M
3735,V198N
3736,V198P
3737,V198Q
3738,V198R
3739,V198S
3740,V198T
3741,V198W
3742,V198Y
3743,W199A
3744,W199C
3745,W199D
3746,W199E
3747,W199F
3748,W199G
3749,W199H
3750,W199I
3751,W199K
3752,W199L
3753,W199M
3754,W199N
3755,W199P
3756,W199Q
3757,W199R
3758,W199S
3759,W199T
3760,W199V
3761,W199Y
3762,E200A
3763,E200C
3764,E200D
3765,E200F
3766,E200G
3767,E200H
3768,E200I
3769,E200K
3770,E200L
3771,E200M
3772,E200N
3773,E200P
3774,E200Q
3775,E200R
3776,E200S
3777,E200T
3778,E200V
3779,E200W
3780,E200Y
3781,R201A
3782,R201C
3783,R201D
3784,R201E
3785,R201F
3786,R201G
3787,R201H
3788,R201I
3789,R201K
3790,R201L
3791,R201M
3792,R201N
3793,R201P
3794,R201Q
3795,R201S
3796,R201T
3797,R201V
3798,R201W
3799,R201Y
3800,E202A
3801,E202C
3802,E202D
3803,E202F
3804,E202G
3805,E202H
3806,E202I
3807,E202K
3808,E202L
3809,E202M
3810,E202N
3811,E202P
3812,E202Q
3813,E202R
3814,E202S
3815,E202T
3816,E202V
3817,E202W
3818,E202Y
3819,R203A
3820,R203C
3821,R203D
3822,R203E
3823,R203F
3824,R203G
3825,R203H
3826,R203I
3827,R203K
3828,R203L
3829,R203M
3830,R203N
3831,R203P
3832,R203Q
3833,R203S
3834,R203T
3835,R203V
3836,R203W
3837,R203Y
3838,Y204A
3839,Y204C
3840,Y204D
3841,Y204E
3842,Y204F
3843,Y204G
3844,Y204H
3845,Y204I
3846,Y204K
3847,Y204L
3848,Y204M
3849,Y204N
3850,Y204P
3851,Y204Q
3852,Y204R
3853,Y204S
3854,Y204T
3855,Y204V
3856,Y204W
3857,R205A
3858,R205C
3859,R205D
3860,R205E
3861,R205F
3862,R205G
3863,R205H
3864,R205I
3865,R205K
3866,R205L
3867,R205M
3868,R205N
3869,R205P
3870,R205Q
3871,R205S
3872,R205T
3873,R205V
3874,R205W
3875,R205Y
3876,S206A
3877,S206C
3878,S206D
3879,S206E
3880,S206F
3881,S206G
3882,S206H
3883,S206I
3884,S206K
3885,S206L
3886,S206M
3887,S206N
3888,S206P
3889,S206Q
3890,S206R
3891,S206T
3892,S206V
3893,S206W
3894,S206Y
3895,R207A
3896,R207C
3897,R207D
3898,R207E
3899,R207F
3900,R207G
3901,R207H
3902,R207I
3903,R207K
3904,R207L
3905,R207M
3906,R207N
3907,R207P
3908,R207Q
3909,R207S
3910,R207T
3911,R207V
3912,R207W
3913,R207Y
3914,V208A
3915,V208C
3916,V208D
3917,V208E
3918,V208F
3919,V208G
3920,V208H
3921,V208I
3922,V208K
3923,V208L
3924,V208M
3925,V208N
3926,V208P
3927,V208Q
3928,V208R
3929,V208S
3930,V208T
3931,V208W
3932,V208Y
3933,P209A
3934,P209C
3935,P209D
3936,P209E
3937,P209F
3938,P209G
3939,P209H
3940,P209I
3941,P209K
3942,P209L
3943,P209M
3944,P209N
3945,P209Q
3946,P209R
3947,P209S
3948,P209T
3949,P209V
3950,P209W
3951,P209Y
3952,P210A
3953,P210C
3954,P210D
3955,P210E
3956,P210F
3957,P210G
3958,P210H
3959,P210I
3960,P210K
3961,P210L
3962,P210M
3963,P210N
3964,P210Q
3965,P210R
3966,P210S
3967,P210T
3968,P210V
3969,P210W
3970,P210Y
3971,R211A
3972,R211C
3973,R211D
3974,R211E
3975,R211F
3976,R211G
3977,R211H
3978,R211I
3979,R211K
3980,R211L
3981,R211M
3982,R211N
3983,R211P
3984,R211Q
3985,R211S
3986,R211T
3987,R211V
3988,R211W
3989,R211Y
3990,V212A
3991,V212C
3992,V212D
3993,V212E
3994,V212F
3995,V212G
3996,V212H
3997,V212I
3998,V212K
3999,V212L
4000,V212M
4001,V212N
4002,V212P
4003,V212Q
4004,V212R
4005,V212S
4006,V212T
4007,V212W
4008,V212Y
4009,T213A
4010,T213C
4011,T213D
4012,T213E
4013,T213F
4014,T213G
4015,T213H
4016,T213I
4017,T213K
4018,T213L
4019,T213M
4020,T213N
4021,T213P
4022,T213Q
4023,T213R
4024,T213S
4025,T213V
4026,T213W
4027,T213Y
4028,F214A
4029,F214C
4030,F214D
4031,F214E
4032,F214G
4033,F214H
4034,F214I
4035,F214K
4036,F214L
4037,F214M
4038,F214N
4039,F214P
4040,F214Q
4041,F214R
4042,F214S
4043,F214T
4044,F214V
4045,F214W
4046,F214Y
4047,A215C
4048,A215D
4049,A215E
4050,A215F
4051,A215G
4052,A215H
4053,A215I
4054,A215K
4055,A215L
4056,A215M
4057,A215N
4058,A215P
4059,A215Q
4060,A215R
4061,A215S
4062,A215T
4063,A215V
4064,A215W
4065,A215Y
4066,H216A
4067,H216C
4068,H216D
4069,H216E
4070,H216F
4071,H216G
4072,H216I
4073,H216K
4074,H216L
4075,H216M
4076,H216N
4077,H216P
4078,H216Q
4079,H216R
4080,H216S
4081,H216T
4082,H216V
4083,H216W
4084,H216Y
4085,H217A
4086,H217C
4087,H217D
4088,H217E
4089,H217F
4090,H217G
4091,H217I
4092,H217K
4093,H217L
4094,H217M
4095,H217N
4096,H217P
4097,H217Q
4098,H217R
4099,H217S
4100,H217T
4101,H217V
4102,H217W
4103,H217Y
4104,E218A
4105,E218C
4106,E218D
4107,E218F
4108,E218G
4109,E218H
4110,E218I
4111,E218K
4112,E218L
4113,E218M
4114,E218N
4115,E218P
4116,E218Q
4117,E218R
4118,E218S
4119,E218T
4120,E218V
4121,E218W
4122,E218Y
4123,Y219A
4124,Y219C
4125,Y219D
4126,Y219E
4127,Y219F
4128,Y219G
4129,Y219H
4130,Y219I
4131,Y219K
4132,Y219L
4133,Y219M
4134,Y219N
4135,Y219P
4136,Y219Q
4137,Y219R
4138,Y219S
4139,Y219T
4140,Y219V
4141,Y219W
4142,M220A
4143,M220C
4144,M220D
4145,M220E
4146,M220F
4147,M220G
4148,M220H
4149,M220I
4150,M220K
4151,M220L
4152,M220N
4153,M220P
4154,M220Q
4155,M220R
4156,M220S
4157,M220T
4158,M220V
4159,M220W
4160,M220Y
4161,H221A
4162,H221C
4163,H221D
4164,H221E
4165,H221F
4166,H221G
4167,H221I
4168,H221K
4169,H221L
4170,H221M
4171,H221N
4172,H221P
4173,H221Q
4174,H221R
4175,H221S
4176,H221T
4177,H221V
4178,H221W
4179,H221Y
4180,V222A
4181,V222C
4182,V222D
4183,V222E
4184,V222F
4185,V222G
4186,V222H
4187,V222I
4188,V222K
4189,V222L
4190,V222M
4191,V222N
4192,V222P
4193,V222Q
4194,V222R
4195,V222S
4196,V222T
4197,V222W
4198,V222Y
4199,D223A
4200,D223C
4201,D223E
4202,D223F
4203,D223G
4204,D223H
4205,D223I
4206,D223K
4207,D223L
4208,D223M
4209,D223N
4210,D223P
4211,D223Q
4212,D223R
4213,D223S
4214,D223T
4215,D223V
4216,D223W
4217,D223Y
4218,D224A
4219,D224C
4220,D224E
4221,D224F
4222,D224G
4223,D224H
4224,D224I
4225,D224K
4226,D224L
4227,D224M
4228,D224N
4229,D224P
4230,D224Q
4231,D224R
4232,D224S
4233,D224T
4234,D224V
4235,D224W
4236,D224Y
4237,P225A
4238,P225C
4239,P225D
4240,P225E
4241,P225F
4242,P225G
4243,P225H
4244,P225I
4245,P225K
4246,P225L
4247,P225M
4248,P225N
4249,P225Q
4250,P225R
4251,P225S
4252,P225T
4253,P225V
4254,P225W
4255,P225Y
4256,P226A
4257,P226C
4258,P226D
4259,P226E
4260,P226F
4261,P226G
4262,P226H
4263,P226I
4264,P226K
4265,P226L
4266,P226M
4267,P226N
4268,P226Q
4269,P226R
4270,P226S
4271,P226T
4272,P226V
4273,P226W
4274,P226Y
4275,P227A
4276,P227C
4277,P227D
4278,P227E
4279,P227F
4280,P227G
4281,P227H
4282,P227I
4283,P227K
4284,P227L
4285,P227M
4286,P227N
4287,P227Q
4288,P227R
4289,P227S
4290,P227T
4291,P227V
4292,P227W
4293,P227Y
4294,R228A
4295,R228C
4296,R228D
4297,R228E
4298,R228F
4299,R228G
4300,R228H
4301,R228I
4302,R228K
4303,R228L
4304,R228M
4305,R228N
4306,R228P
4307,R228Q
4308,R228S
4309,R228T
4310,R228V
4311,R228W
4312,R228Y
4313,P229A
4314,P229C
4315,P229D
4316,P229E
4317,P229F
4318,P229G
4319,P229H
4320,P229I
4321,P229K
4322,P229L
4323,P229M
4324,P229N
4325,P229Q
4326,P229R
4327,P229S
4328,P229T
4329,P229V
4330,P229W
4331,P229Y
4332,T230A
4333,T230C
4334,T230D
4335,T230E
4336,T230F
4337,T230G
4338,T230H
4339,T230I
4340,T230K
4341,T230L
4342,T230M
4343,T230N
4344,T230P
4345,T230Q
4346,T230R
4347,T230S
4348,T230V
4349,T230W
4350,T230Y
4351,S231A
4352,S231C
4353,S231D
4354,S231E
4355,S231F
4356,S231G
4357,S231H
4358,S231I
4359,S231K
4360,S231L
4361,S231M
4362,S231N
4363,S231P
4364,S231Q
4365,S231R
4366,S231T
4367,S231V
4368,S231W
4369,S231Y
4370,E232A
4371,E232C
4372,E232D
4373,E232F
4374,E232G
4375,E232H
4376,E232I
4377,E232K
4378,E232L
4379,E232M
4380,E232N
4381,E232P
4382,E232Q
4383,E232R
4384,E232S
4385,E232T
4386,E232V
4387,E232W
4388,E232Y
4389,P233A
4390,P233C
4391,P233D
4392,P233E
4393,P233F
4394,P233G
4395,P233H
4396,P233I
4397,P233K
4398,P233L
4399,P233M
4400,P233N
4401,P233Q
4402,P233R
4403,P233S
4404,P233T
4405,P233V
4406,P233W
4407,P233Y
4408,W234A
4409,W234C
4410,W234D
4411,W234E
4412,W234F
4413,W234G
4414,W234H
4415,W234I
4416,W234K
4417,W234L
4418,W234M
4419,W234N
4420,W234P
4421,W234Q
4422,W234R
4423,W234S
4424,W234T
4425,W234V
4426,W234Y
4427,S235A
4428,S235C
4429,S235D
4430,S235E
4431,S235F
4432,S235G
4433,S235H
4434,S235I
4435,S235K
4436,S235L
4437,S235M
4438,S235N
4439,S235P
4440,S235Q
4441,S235R
4442,S235T
4443,S235V
4444,S235W
4445,S235Y
4446,L236A
4447,L236C
4448,L236D
4449,L236E
4450,L236F
4451,L236G
4452,L236H
4453,L236I
4454,L236K
4455,L236M
4456,L236N
4457,L236P
4458,L236Q
4459,L236R
4460,L236S
4461,L236T
4462,L236V
4463,L236W
4464,L236Y
4465,H237A
4466,H237C
4467,H237D
4468,H237E
4469,H237F
4470,H237G
4471,H237I
4472,H237K
4473,H237L
4474,H237M
4475,H237N
4476,H237P
4477,H237Q
4478,H237R
4479,H237S
4480,H237T
4481,H237V
4482,H237W
4483,H237Y
4484,S238A
4485,S238C
4486,S238D
4487,S238E
4488,S238F
4489,S238G
4490,S238H
4491,S238I
4492,S238K
4493,S238L
4494,S238M
4495,S238N
4496,S238P
4497,S238Q
4498,S238R
4499,S238T
4500,S238V
4501,S238W
4502,S238Y
4503,A239C
4504,A239D
4505,A239E
4506,A239F
4507,A239G
4508,A239H
4509,A239I
4510,A239K
4511,A239L
4512,A239M
4513,A239N
4514,A239P
4515,A239Q
4516,A239R
4517,A239S
4518,A239T
4519,A239V
4520,A239W
4521,A239Y
4522,F240A
4523,F240C
4524,F240D
4525,F240E
4526,F240G
4527,F240H
4528,F240I
4529,F240K
4530,F240L
4531,F240M
4532,F240N
4533,F240P
4534,F240Q
4535,F240R
4536,F240S
4537,F240T
4538,F240V
4539,F240W
4540,F240Y
4541,F241A
4542,F241C
4543,F241D
4544,F241E
4545,F241G
4546,F241H
4547,F241I
4548,F241K
4549,F241L
4550,F241M
4551,F241N
4552,F241P
4553,F241Q
4554,F241R
4555,F241S
4556,F241T
4557,F241V
4558,F241W
4559,F241Y
4560,T242A
4561,T242C
4562,T242D
4563,T242E
4564,T242F
4565,T242G
4566,T242H
4567,T242I
4568,T242K
4569,T242L
4570,T242M
4571,T242N
4572,T242P
4573,T242Q
4574,T242R
4575,T242S
4576,T242V
4577,T242W
4578,T242Y
4579,K243A
4580,K243C
4581,K243D
4582,K243E
4583,K243F
4584,K243G
4585,K243H
4586,K243I
4587,K243L
4588,K243M
4589,K243N
4590,K243P
4591,K243Q
4592,K243R
4593,K243S
4594,K243T
4595,K243V
4596,K243W
4597,K243Y
4598,A244C
4599,A244D
4600,A244E
4601,A244F
4602,A244G
4603,A244H
4604,A244I
4605,A244K
4606,A244L
4607,A244M
4608,A244N
4609,A244P
4610,A244Q
4611,A244R
4612,A244S
4613,A244T
4614,A244V
4615,A244W
4616,A244Y
4617,D245A
4618,D245C
4619,D245E
4620,D245F
4621,D245G
4622,D245H
4623,D245I
4624,D245K
4625,D245L
4626,D245M
4627,D245N
4628,D245P
4629,D245Q
4630,D245R
4631,D245S
4632,D245T
4633,D245V
4634,D245W
4635,D245Y
4636,V246A
4637,V246C
4638,V246D
4639,V246E
4640,V246F
4641,V246G
4642,V246H
4643,V246I
4644,V246K
4645,V246L
4646,V246M
4647,V246N
4648,V246P
4649,V246Q
4650,V246R
4651,V246S
4652,V246T
4653,V246W
4654,V246Y
4655,A247C
4656,A247D
4657,A247E
4658,A247F
4659,A247G
4660,A247H
4661,A247I
4662,A247K
4663,A247L
4664,A247M
4665,A247N
4666,A247P
4667,A247Q
4668,A247R
4669,A247S
4670,A247T
4671,A247V
4672,A247W
4673,A247Y
4674,T248A
4675,T248C
4676,T248D
4677,T248E
4678,T248F
4679,T248G
4680,T248H
4681,T248I
4682,T248K
4683,T248L
4684,T248M
4685,T248N
4686,T248P
4687,T248Q
4688,T248R
4689,T248S
4690,T248V
4691,T248W
4692,T248Y
4693,L249A
4694,L249C
4695,L249D
4696,L249E
4697,L249F
4698,L249G
4699,L249H
4700,L249I
4701,L249K
4702,L249M
4703,L249N
4704,L249P
4705,L249Q
4706,L249R
4707,L249S
4708,L249T
4709,L249V
4710,L249W
4711,L249Y
4712,R250A
4713,R250C
4714,R250D
4715,R250E
4716,R250F
4717,R250G
4718,R250H
4719,R250I
4720,R250K
4721,R250L
4722,R250M
4723,R250N
4724,R250P
4725,R250Q
4726,R250S
4727,R250T
4728,R250V
4729,R250W
4730,R250Y
4731,A251C
4732,A251D
4733,A251E
4734,A251F
4735,A251G
4736,A251H
4737,A251I
4738,A251K
4739,A251L
4740,A251M
4741,A251N
4742,A251P
4743,A251Q
4744,A251R
4745,A251S
4746,A251T
4747,A251V
4748,A251W
4749,A251Y
4750,Q252A
4751,Q252C
4752,Q252D
4753,Q252E
4754,Q252F
4755,Q252G
4756,Q252H
4757,Q252I
4758,Q252K
4759,Q252L
4760,Q252M
4761,Q252N
4762,Q252P
4763,Q252R
4764,Q252S
4765,Q252T
4766,Q252V
4767,Q252W
4768,Q252Y
4769,L253A
4770,L253C
4771,L253D
4772,L253E
4773,L253F
4774,L253G
4775,L253H
4776,L253I
4777,L253K
4778,L253M
4779,L253N
4780,L253P
4781,L253Q
4782,L253R
4783,L253S
4784,L253T
4785,L253V
4786,L253W
4787,L253Y
4788,P254A
4789,P254C
4790,P254D
4791,P254E
4792,P254F
4793,P254G
4794,P254H
4795,P254I
4796,P254K
4797,P254L
4798,P254M
4799,P254N
4800,P254Q
4801,P254R
4802,P254S
4803,P254T
4804,P254V
4805,P254W
4806,P254Y
4807,A255C
4808,A255D
4809,A255E
4810,A255F
4811,A255G
4812,A255H
4813,A255I
4814,A255K
4815,A255L
4816,A255M
4817,A255N
4818,A255P
4819,A255Q
4820,A255R
4821,A255S
4822,A255T
4823,A255V
4824,A255W
4825,A255Y
4826,D256A
4827,D256C
4828,D256E
4829,D256F
4830,D256G
4831,D256H
4832,D256I
4833,D256K
4834,D256L
4835,D256M
4836,D256N
4837,D256P
4838,D256Q
4839,D256R
4840,D256S
4841,D256T
4842,D256V
4843,D256W
4844,D256Y
4845,L257A
4846,L257C
4847,L257D
4848,L257E
4849,L257F
4850,L257G
4851,L257H
4852,L257I
4853,L257K
4854,L257M
4855,L257N
4856,L257P
4857,L257Q
4858,L257R
4859,L257S
4860,L257T
4861,L257V
4862,L257W
4863,L257Y
4864,R258A
4865,R258C
4866,R258D
4867,R258E
4868,R258F
4869,R258G
4870,R258H
4871,R258I
4872,R258K
4873,R258L
4874,R258M
4875,R258N
4876,R258P
4877,R258Q
4878,R258S
4879,R258T
4880,R258V
4881,R258W
4882,R258Y
4883,K259A
4884,K259C
4885,K259D
4886,K259E
4887,K259F
4888,K259G
4889,K259H
4890,K259I
4891,K259L
4892,K259M
4893,K259N
4894,K259P
4895,K259Q
4896,K259R
4897,K259S
4898,K259T
4899,K259V
4900,K259W
4901,K259Y
4902,A260C
4903,A260D
4904,A260E
4905,A260F
4906,A260G
4907,A260H
4908,A260I
4909,A260K
4910,A260L
4911,A260M
4912,A260N
4913,A260P
4914,A260Q
4915,A260R
4916,A260S
4917,A260T
4918,A260V
4919,A260W
4920,A260Y
4921,A261C
4922,A261D
4923,A261E
4924,A261F
4925,A261G
4926,A261H
4927,A261I
4928,A261K
4929,A261L
4930,A261M
4931,A261N
4932,A261P
4933,A261Q
4934,A261R
4935,A261S
4936,A261T
4937,A261V
4938,A261W
4939,A261Y
4940,T262A
4941,T262C
4942,T262D
4943,T262E
4944,T262F
4945,T262G
4946,T262H
4947,T262I
4948,T262K
4949,T262L
4950,T262M
4951,T262N
4952,T262P
4953,T262Q
4954,T262R
4955,T262S
4956,T262V
4957,T262W
4958,T262Y
4959,S263A
4960,S263C
4961,S263D
4962,S263E
4963,S263F
4964,S263G
4965,S263H
4966,S263I
4967,S263K
4968,S263L
4969,S263M
4970,S263N
4971,S263P
4972,S263Q
4973,S263R
4974,S263T
4975,S263V
4976,S263W
4977,S263Y
4978,F264A
4979,F264C
4980,F264D
4981,F264E
4982,F264G
4983,F264H
4984,F264I
4985,F264K
4986,F264L
4987,F264M
4988,F264N
4989,F264P
4990,F264Q
4991,F264R
4992,F264S
4993,F264T
4994,F264V
4995,F264W
4996,F264Y
4997,D265A
4998,D265C
4999,D265E
5000,D265F
5001,D265G
5002,D265H
5003,D265I
5004,D265K
5005,D265L
5006,D265M
5007,D265N
5008,D265P
5009,D265Q
5010,D265R
5011,D265S
5012,D265T
5013,D265V
5014,D265W
5015,D265Y
5016,I266A
5017,I266C
5018,I266D
5019,I266E
5020,I266F
5021,I266G
5022,I266H
5023,I266K
5024,I266L
5025,I266M
5026,I266N
5027,I266P
5028,I266Q
5029,I266R
5030,I266S
5031,I266T
5032,I266V
5033,I266W
5034,I266Y
5035,I267A
5036,I267C
5037,I267D
5038,I267E
5039,I267F
5040,I267G
5041,I267H
5042,I267K
5043,I267L
5044,I267M
5045,I267N
5046,I267P
5047,I267Q
5048,I267R
5049,I267S
5050,I267T
5051,I267V
5052,I267W
5053,I267Y
5054,T268A
5055,T268C
5056,T268D
5057,T268E
5058,T268F
5059,T268G
5060,T268H
5061,T268I
5062,T268K
5063,T268L
5064,T268M
5065,T268N
5066,T268P
5067,T268Q
5068,T268R
5069,T268S
5070,T268V
5071,T268W
5072,T268Y
5073,A269C
5074,A269D
5075,A269E
5076,A269F
5077,A269G
5078,A269H
5079,A269I
5080,A269K
5081,A269L
5082,A269M
5083,A269N
5084,A269P
5085,A269Q
5086,A269R
5087,A269S
5088,A269T
5089,A269V
5090,A269W
5091,A269Y
5092,C270A
5093,C270D
5094,C270E
5095,C270F
5096,C270G
5097,C270H
5098,C270I
5099,C270K
5100,C270L
5101,C270M
5102,C270N
5103,C270P
5104,C270Q
5105,C270R
5106,C270S
5107,C270T
5108,C270V
5109,C270W
5110,C270Y
5111,M271A
5112,M271C
5113,M271D
5114,M271E
5115,M271F
5116,M271G
5117,M271H
5118,M271I
5119,M271K
5120,M271L
5121,M271N
5122,M271P
5123,M271Q
5124,M271R
5125,M271S
5126,M271T
5127,M271V
5128,M271W
5129,M271Y
5130,W272A
5131,W272C
5132,W272D
5133,W272E
5134,W272F
5135,W272G
5136,W272H
5137,W272I
5138,W272K
5139,W272L
5140,W272M
5141,W272N
5142,W272P
5143,W272Q
5144,W272R
5145,W272S
5146,W272T
5147,W272V
5148,W272Y
5149,R273A
5150,R273C
5151,R273D
5152,R273E
5153,R273F
5154,R273G
5155,R273H
5156,R273I
5157,R273K
5158,R273L
5159,R273M
5160,R273N
5161,R273P
5162,R273Q
5163,R273S
5164,R273T
5165,R273V
5166,R273W
5167,R273Y
5168,C274A
5169,C274D
5170,C274E
5171,C274F
5172,C274G
5173,C274H
5174,C274I
5175,C274K
5176,C274L
5177,C274M
5178,C274N
5179,C274P
5180,C274Q
5181,C274R
5182,C274S
5183,C274T
5184,C274V
5185,C274W
5186,C274Y
5187,R275A
5188,R275C
5189,R275D
5190,R275E
5191,R275F
5192,R275G
5193,R275H
5194,R275I
5195,R275K
5196,R275L
5197,R275M
5198,R275N
5199,R275P
5200,R275Q
5201,R275S
5202,R275T
5203,R275V
5204,R275W
5205,R275Y
5206,V276A
5207,V276C
5208,V276D
5209,V276E
5210,V276F
5211,V276G
5212,V276H
5213,V276I
5214,V276K
5215,V276L
5216,V276M
5217,V276N
5218,V276P
5219,V276Q
5220,V276R
5221,V276S
5222,V276T
5223,V276W
5224,V276Y
5225,S277A
5226,S277C
5227,S277D
5228,S277E
5229,S277F
5230,S277G
5231,S277H
5232,S277I
5233,S277K
5234,S277L
5235,S277M
5236,S277N
5237,S277P
5238,S277Q
5239,S277R
5240,S277T
5241,S277V
5242,S277W
5243,S277Y
5244,A278C
5245,A278D
5246,A278E
5247,A278F
5248,A278G
5249,A278H
5250,A278I
5251,A278K
5252,A278L
5253,A278M
5254,A278N
5255,A278P
5256,A278Q
5257,A278R
5258,A278S
5259,A278T
5260,A278V
5261,A278W
5262,A278Y
5263,L279A
5264,L279C
5265,L279D
5266,L279E
5267,L279F
5268,L279G
5269,L279H
5270,L279I
5271,L279K
5272,L279M
5273,L279N
5274,L279P
5275,L279Q
5276,L279R
5277,L279S
5278,L279T
5279,L279V
5280,L279W
5281,L279Y
5282,Q280A
5283,Q280C
5284,Q280D
5285,Q280E
5286,Q280F
5287,Q280G
5288,Q280H
5289,Q280I
5290,Q280K
5291,Q280L
5292,Q280M
5293,Q280N
5294,Q280P
5295,Q280R
5296,Q280S
5297,Q280T
5298,Q280V
5299,Q280W
5300,Q280Y
5301,Y281A
5302,Y281C
5303,Y281D
5304,Y281E
5305,Y281F
5306,Y281G
5307,Y281H
5308,Y281I
5309,Y281K
5310,Y281L
5311,Y281M
5312,Y281N
5313,Y281P
5314,Y281Q
5315,Y281R
5316,Y281S
5317,Y281T
5318,Y281V
5319,Y281W
5320,G282A
5321,G282C
5322,G282D
5323,G282E
5324,G282F
5325,G282H
5326,G282I
5327,G282K
5328,G282L
5329,G282M
5330,G282N
5331,G282P
5332,G282Q
5333,G282R
5334,G282S
5335,G282T
5336,G282V
5337,G282W
5338,G282Y
5339,P283A
5340,P283C
5341,P283D
5342,P283E
5343,P283F
5344,P283G
5345,P283H
5346,P283I
5347,P283K
5348,P283L
5349,P283M
5350,P283N
5351,P283Q
5352,P283R
5353,P283S
5354,P283T
5355,P283V
5356,P283W
5357,P283Y
5358,D284A
5359,D284C
5360,D284E
5361,D284F
5362,D284G
5363,D284H
5364,D284I
5365,D284K
5366,D284L
5367,D284M
5368,D284N
5369,D284P
5370,D284Q
5371,D284R
5372,D284S
5373,D284T
5374,D284V
5375,D284W
5376,D284Y
5377,E285A
5378,E285C
5379,E285D
5380,E285F
5381,E285G
5382,E285H
5383,E285I
5384,E285K
5385,E285L
5386,E285M
5387,E285N
5388,E285P
5389,E285Q
5390,E285R
5391,E285S
5392,E285T
5393,E285V
5394,E285W
5395,E285Y
5396,V286A
5397,V286C
5398,V286D
5399,V286E
5400,V286F
5401,V286G
5402,V286H
5403,V286I
5404,V286K
5405,V286L
5406,V286M
5407,V286N
5408,V286P
5409,V286Q
5410,V286R
5411,V286S
5412,V286T
5413,V286W
5414,V286Y
5415,V287A
5416,V287C
5417,V287D
5418,V287E
5419,V287F
5420,V287G
5421,V287H
5422,V287I
5423,V287K
5424,V287L
5425,V287M
5426,V287N
5427,V287P
5428,V287Q
5429,V287R
5430,V287S
5431,V287T
5432,V287W
5433,V287Y
5434,R288A
5435,R288C
5436,R288D
5437,R288E
5438,R288F
5439,R288G
5440,R288H
5441,R288I
5442,R288K
5443,R288L
5444,R288M
5445,R288N
5446,R288P
5447,R288Q
5448,R288S
5449,R288T
5450,R288V
5451,R288W
5452,R288Y
5453,L289A
5454,L289C
5455,L289D
5456,L289E
5457,L289F
5458,L289G
5459,L289H
5460,L289I
5461,L289K
5462,L289M
5463,L289N
5464,L289P
5465,L289Q
5466,L289R
5467,L289S
5468,L289T
5469,L289V
5470,L289W
5471,L289Y
5472,I290A
5473,I290C
5474,I290D
5475,I290E
5476,I290F
5477,I290G
5478,I290H
5479,I290K
5480,I290L
5481,I290M
5482,I290N
5483,I290P
5484,I290Q
5485,I290R
5486,I290S
5487,I290T
5488,I290V
5489,I290W
5490,I290Y
5491,V291A
5492,V291C
5493,V291D
5494,V291E
5495,V291F
5496,V291G
5497,V291H
5498,V291I
5499,V291K
5500,V291L
5501,V291M
5502,V291N
5503,V291P
5504,V291Q
5505,V291R
5506,V291S
5507,V291T
5508,V291W
5509,V291Y
5510,A292C
5511,A292D
5512,A292E
5513,A292F
5514,A292G
5515,A292H
5516,A292I
5517,A292K
5518,A292L
5519,A292M
5520,A292N
5521,A292P
5522,A292Q
5523,A292R
5524,A292S
5525,A292T
5526,A292V
5527,A292W
5528,A292Y
5529,V293A
5530,V293C
5531,V293D
5532,V293E
5533,V293F
5534,V293G
5535,V293H
5536,V293I
5537,V293K
5538,V293L
5539,V293M
5540,V293N
5541,V293P
5542,V293Q
5543,V293R
5544,V293S
5545,V293T
5546,V293W
5547,V293Y
5548,N294A
5549,N294C
5550,N294D
5551,N294E
5552,N294F
5553,N294G
5554,N294H
5555,N294I
5556,N294K
5557,N294L
5558,N294M
5559,N294P
5560,N294Q
5561,N294R
5562,N294S
5563,N294T
5564,N294V
5565,N294W
5566,N294Y
5567,S295A
5568,S295C
5569,S295D
5570,S295E
5571,S295F
5572,S295G
5573,S295H
5574,S295I
5575,S295K
5576,S295L
5577,S295M
5578,S295N
5579,S295P
5580,S295Q
5581,S295R
5582,S295T
5583,S295V
5584,S295W
5585,S295Y
5586,R296A
5587,R296C
5588,R296D
5589,R296E
5590,R296F
5591,R296G
5592,R296H
5593,R296I
5594,R296K
5595,R296L
5596,R296M
5597,R296N
5598,R296P
5599,R296Q
5600,R296S
5601,R296T
5602,R296V
5603,R296W
5604,R296Y
5605,T297A
5606,T297C
5607,T297D
5608,T297E
5609,T297F
5610,T297G
5611,T297H
5612,T297I
5613,T297K
5614,T297L
5615,T297M
5616,T297N
5617,T297P
5618,T297Q
5619,T297R
5620,T297S
5621,T297V
5622,T297W
5623,T297Y
5624,K298A
5625,K298C
5626,K298D
5627,K298E
5628,K298F
5629,K298G
5630,K298H
5631,K298I
5632,K298L
5633,K298M
5634,K298N
5635,K298P
5636,K298Q
5637,K298R
5638,K298S
5639,K298T
5640,K298V
5641,K298W
5642,K298Y
5643,F299A
5644,F299C
5645,F299D
5646,F299E
5647,F299G
5648,F299H
5649,F299I
5650,F299K
5651,F299L
5652,F299M
5653,F299N
5654,F299P
5655,F299Q
5656,F299R
5657,F299S
5658,F299T
5659,F299V
5660,F299W
5661,F299Y
5662,D300A
5663,D300C
5664,D300E
5665,D300F
5666,D300G
5667,D300H
5668,D300I
5669,D300K
5670,D300L
5671,D300M
5672,D300N
5673,D300P
5674,D300Q
5675,D300R
5676,D300S
5677,D300T
5678,D300V
5679,D300W
5680,D300Y
5681,P301A
5682,P301C
5683,P301D
5684,P301E
5685,P301F
5686,P301G
5687,P301H
5688,P301I
5689,P301K
5690,P301L
5691,P301M
5692,P301N
5693,P301Q
5694,P301R
5695,P301S
5696,P301T
5697,P301V
5698,P301W
5699,P301Y
5700,P302A
5701,P302C
5702,P302D
5703,P302E
5704,P302F
5705,P302G
5706,P302H
5707,P302I
5708,P302K
5709,P302L
5710,P302M
5711,P302N
5712,P302Q
5713,P302R
5714,P302S
5715,P302T
5716,P302V
5717,P302W
5718,P302Y
5719,L303A
5720,L303C
5721,L303D
5722,L303E
5723,L303F
5724,L303G
5725,L303H
5726,L303I
5727,L303K
5728,L303M
5729,L303N
5730,L303P
5731,L303Q
5732,L303R
5733,L303S
5734,L303T
5735,L303V
5736,L303W
5737,L303Y
5738,T304A
5739,T304C
5740,T304D
5741,T304E
5742,T304F
5743,T304G
5744,T304H
5745,T304I
5746,T304K
5747,T304L
5748,T304M
5749,T304N
5750,T304P
5751,T304Q
5752,T304R
5753,T304S
5754,T304V
5755,T304W
5756,T304Y
5757,G305A
5758,G305C
5759,G305D
5760,G305E
5761,G305F
5762,G305H
5763,G305I
5764,G305K
5765,G305L
5766,G305M
5767,G305N
5768,G305P
5769,G305Q
5770,G305R
5771,G305S
5772,G305T
5773,G305V
5774,G305W
5775,G305Y
5776,Y306A
5777,Y306C
5778,Y306D
5779,Y306E
5780,Y306F
5781,Y306G
5782,Y306H
5783,Y306I
5784,Y306K
5785,Y306L
5786,Y306M
5787,Y306N
5788,Y306P
5789,Y306Q
5790,Y306R
5791,Y306S
5792,Y306T
5793,Y306V
5794,Y306W
5795,Y307A
5796,Y307C
5797,Y307D
5798,Y307E
5799,Y307F
5800,Y307G
5801,Y307H
5802,Y307I
5803,Y307K
5804,Y307L
5805,Y307M
5806,Y307N
5807,Y307P
5808,Y307Q
5809,Y307R
5810,Y307S
5811,Y307T
5812,Y307V
5813,Y307W
5814,G308A
5815,G308C
5816,G308D
5817,G308E
5818,G308F
5819,G308H
5820,G308I
5821,G308K
5822,G308L
5823,G308M
5824,G308N
5825,G308P
5826,G308Q
5827,G308R
5828,G308S
5829,G308T
5830,G308V
5831,G308W
5832,G308Y
5833,N309A
5834,N309C
5835,N309D
5836,N309E
5837,N309F
5838,N309G
5839,N309H
5840,N309I
5841,N309K
5842,N309L
5843,N309M
5844,N309P
5845,N309Q
5846,N309R
5847,N309S
5848,N309T
5849,N309V
5850,N309W
5851,N309Y
5852,G310A
5853,G310C
5854,G310D
5855,G310E
5856,G310F
5857,G310H
5858,G310I
5859,G310K
5860,G310L
5861,G310M
5862,G310N
5863,G310P
5864,G310Q
5865,G310R
5866,G310S
5867,G310T
5868,G310V
5869,G310W
5870,G310Y
5871,L311A
5872,L311C
5873,L311D
5874,L311E
5875,L311F
5876,L311G
5877,L311H
5878,L311I
5879,L311K
5880,L311M
5881,L311N
5882,L311P
5883,L311Q
5884,L311R
5885,L311S
5886,L311T
5887,L311V
5888,L311W
5889,L311Y
5890,M312A
5891,M312C
5892,M312D
5893,M312E
5894,M312F
5895,M312G
5896,M312H
5897,M312I
5898,M312K
5899,M312L
5900,M312N
5901,M312P
5902,M312Q
5903,M312R
5904,M312S
5905,M312T
5906,M312V
5907,M312W
5908,M312Y
5909,L313A
5910,L313C
5911,L313D
5912,L313E
5913,L313F
5914,L313G
5915,L313H
5916,L313I
5917,L313K
5918,L313M
5919,L313N
5920,L313P
5921,L313Q
5922,L313R
5923,L313S
5924,L313T
5925,L313V
5926,L313W
5927,L313Y
5928,P314A
5929,P314C
5930,P314D
5931,P314E
5932,P314F
5933,P314G
5934,P314H
5935,P314I
5936,P314K
5937,P314L
5938,P314M
5939,P314N
5940,P314Q
5941,P314R
5942,P314S
5943,P314T
5944,P314V
5945,P314W
5946,P314Y
5947,A315C
5948,A315D
5949,A315E
5950,A315F
5951,A315G
5952,A315H
5953,A315I
5954,A315K
5955,A315L
5956,A315M
5957,A315N
5958,A315P
5959,A315Q
5960,A315R
5961,A315S
5962,A315T
5963,A315V
5964,A315W
5965,A315Y
5966,A316C
5967,A316D
5968,A316E
5969,A316F
5970,A316G
5971,A316H
5972,A316I
5973,A316K
5974,A316L
5975,A316M
5976,A316N
5977,A316P
5978,A316Q
5979,A316R
5980,A316S
5981,A316T
5982,A316V
5983,A316W
5984,A316Y
5985,V317A
5986,V317C
5987,V317D
5988,V317E
5989,V317F
5990,V317G
5991,V317H
5992,V317I
5993,V317K
5994,V317L
5995,V317M
5996,V317N
5997,V317P
5998,V317Q
5999,V317R
6000,V317S
6001,V317T
6002,V317W
6003,V317Y
6004,T318A
6005,T318C
6006,T318D
6007,T318E
6008,T318F
6009,T318G
6010,T318H
6011,T318I
6012,T318K
6013,T318L
6014,T318M
6015,T318N
6016,T318P
6017,T318Q
6018,T318R
6019,T318S
6020,T318V
6021,T318W
6022,T318Y
6023,E319A
6024,E319C
6025,E319D
6026,E319F
6027,E319G
6028,E319H
6029,E319I
6030,E319K
6031,E319L
6032,E319M
6033,E319N
6034,E319P
6035,E319Q
6036,E319R
6037,E319S
6038,E319T
6039,E319V
6040,E319W
6041,E319Y
6042,A320C
6043,A320D
6044,A320E
6045,A320F
6046,A320G
6047,A320H
6048,A320I
6049,A320K
6050,A320L
6051,A320M
6052,A320N
6053,A320P
6054,A320Q
6055,A320R
6056,A320S
6057,A320T
6058,A320V
6059,A320W
6060,A320Y
6061,G321A
6062,G321C
6063,G321D
6064,G321E
6065,G321F
6066,G321H
6067,G321I
6068,G321K
6069,G321L
6070,G321M
6071,G321N
6072,G321P
6073,G321Q
6074,G321R
6075,G321S
6076,G321T
6077,G321V
6078,G321W
6079,G321Y
6080,K322A
6081,K322C
6082,K322D
6083,K322E
6084,K322F
6085,K322G
6086,K322H
6087,K322I
6088,K322L
6089,K322M
6090,K322N
6091,K322P
6092,K322Q
6093,K322R
6094,K322S
6095,K322T
6096,K322V
6097,K322W
6098,K322Y
6099,L323A
6100,L323C
6101,L323D
6102,L323E
6103,L323F
6104,L323G
6105,L323H
6106,L323I
6107,L323K
6108,L323M
6109,L323N
6110,L323P
6111,L323Q
6112,L323R
6113,L323S
6114,L323T
6115,L323V
6116,L323W
6117,L323Y
6118,V324A
6119,V324C
6120,V324D
6121,V324E
6122,V324F
6123,V324G
6124,V324H
6125,V324I
6126,V324K
6127,V324L
6128,V324M
6129,V324N
6130,V324P
6131,V324Q
6132,V324R
6133,V324S
6134,V324T
6135,V324W
6136,V324Y
6137,G325A
6138,G325C
6139,G325D
6140,G325E
6141,G325F
6142,G325H
6143,G325I
6144,G325K
6145,G325L
6146,G325M
6147,G325N
6148,G325P
6149,G325Q
6150,G325R
6151,G325S
6152,G325T
6153,G325V
6154,G325W
6155,G325Y
6156,S326A
6157,S326C
6158,S326D
6159,S326E
6160,S326F
6161,S326G
6162,S326H
6163,S326I
6164,S326K
6165,S326L
6166,S326M
6167,S326N
6168,S326P
6169,S326Q
6170,S326R
6171,S326T
6172,S326V
6173,S326W
6174,S326Y
6175,D327A
6176,D327C
6177,D327E
6178,D327F
6179,D327G
6180,D327H
6181,D327I
6182,D327K
6183,D327L
6184,D327M
6185,D327N
6186,D327P
6187,D327Q
6188,D327R
6189,D327S
6190,D327T
6191,D327V
6192,D327W
6193,D327Y
6194,L328A
6195,L328C
6196,L328D
6197,L328E
6198,L328F
6199,L328G
6200,L328H
6201,L328I
6202,L328K
6203,L328M
6204,L328N
6205,L328P
6206,L328Q
6207,L328R
6208,L328S
6209,L328T
6210,L328V
6211,L328W
6212,L328Y
6213,G329A
6214,G329C
6215,G329D
6216,G329E
6217,G329F
6218,G329H
6219,G329I
6220,G329K
6221,G329L
6222,G329M
6223,G329N
6224,G329P
6225,G329Q
6226,G329R
6227,G329S
6228,G329T
6229,G329V
6230,G329W
6231,G329Y
6232,Y330A
6233,Y330C
6234,Y330D
6235,Y330E
6236,Y330F
6237,Y330G
6238,Y330H
6239,Y330I
6240,Y330K
6241,Y330L
6242,Y330M
6243,Y330N
6244,Y330P
6245,Y330Q
6246,Y330R
6247,Y330S
6248,Y330T
6249,Y330V
6250,Y330W
6251,A331C
6252,A331D
6253,A331E
6254,A331F
6255,A331G
6256,A331H
6257,A331I
6258,A331K
6259,A331L
6260,A331M
6261,A331N
6262,A331P
6263,A331Q
6264,A331R
6265,A331S
6266,A331T
6267,A331V
6268,A331W
6269,A331Y
6270,V332A
6271,V332C
6272,V332D
6273,V332E
6274,V332F
6275,V332G
6276,V332H
6277,V332I
6278,V332K
6279,V332L
6280,V332M
6281,V332N
6282,V332P
6283,V332Q
6284,V332R
6285,V332S
6286,V332T
6287,V332W
6288,V332Y
6289,E333A
6290,E333C
6291,E333D
6292,E333F
6293,E333G
6294,E333H
6295,E333I
6296,E333K
6297,E333L
6298,E333M
6299,E333N
6300,E333P
6301,E333Q
6302,E333R
6303,E333S
6304,E333T
6305,E333V
6306,E333W
6307,E333Y
6308,L334A
6309,L334C
6310,L334D
6311,L334E
6312,L334F
6313,L334G
6314,L334H
6315,L334I
6316,L334K
6317,L334M
6318,L334N
6319,L334P
6320,L334Q
6321,L334R
6322,L334S
6323,L334T
6324,L334V
6325,L334W
6326,L334Y
6327,V335A
6328,V335C
6329,V335D
6330,V335E
6331,V335F
6332,V335G
6333,V335H
6334,V335I
6335,V335K
6336,V335L
6337,V335M
6338,V335N
6339,V335P
6340,V335Q
6341,V335R
6342,V335S
6343,V335T
6344,V335W
6345,V335Y
6346,R336A
6347,R336C
6348,R336D
6349,R336E
6350,R336F
6351,R336G
6352,R336H
6353,R336I
6354,R336K
6355,R336L
6356,R336M
6357,R336N
6358,R336P
6359,R336Q
6360,R336S
6361,R336T
6362,R336V
6363,R336W
6364,R336Y
6365,E337A
6366,E337C
6367,E337D
6368,E337F
6369,E337G
6370,E337H
6371,E337I
6372,E337K
6373,E337L
6374,E337M
6375,E337N
6376,E337P
6377,E337Q
6378,E337R
6379,E337S
6380,E337T
6381,E337V
6382,E337W
6383,E337Y
6384,A338C
6385,A338D
6386,A338E
6387,A338F
6388,A338G
6389,A338H
6390,A338I
6391,A338K
6392,A338L
6393,A338M
6394,A338N
6395,A338P
6396,A338Q
6397,A338R
6398,A338S
6399,A338T
6400,A338V
6401,A338W
6402,A338Y
6403,K339A
6404,K339C
6405,K339D
6406,K339E
6407,K339F
6408,K339G
6409,K339H
6410,K339I
6411,K339L
6412,K339M
6413,K339N
6414,K339P
6415,K339Q
6416,K339R
6417,K339S
6418,K339T
6419,K339V
6420,K339W
6421,K339Y
6422,G340A
6423,G340C
6424,G340D
6425,G340E
6426,G340F
6427,G340H
6428,G340I
6429,G340K
6430,G340L
6431,G340M
6432,G340N
6433,G340P
6434,G340Q
6435,G340R
6436,G340S
6437,G340T
6438,G340V
6439,G340W
6440,G340Y
6441,K341A
6442,K341C
6443,K341D
6444,K341E
6445,K341F
6446,K341G
6447,K341H
6448,K341I
6449,K341L
6450,K341M
6451,K341N
6452,K341P
6453,K341Q
6454,K341R
6455,K341S
6456,K341T
6457,K341V
6458,K341W
6459,K341Y
6460,V342A
6461,V342C
6462,V342D
6463,V342E
6464,V342F
6465,V342G
6466,V342H
6467,V342I
6468,V342K
6469,V342L
6470,V342M
6471,V342N
6472,V342P
6473,V342Q
6474,V342R
6475,V342S
6476,V342T
6477,V342W
6478,V342Y
6479,T343A
6480,T343C
6481,T343D
6482,T343E
6483,T343F
6484,T343G
6485,T343H
6486,T343I
6487,T343K
6488,T343L
6489,T343M
6490,T343N
6491,T343P
6492,T343Q
6493,T343R
6494,T343S
6495,T343V
6496,T343W
6497,T343Y
6498,E344A
6499,E344C
6500,E344D
6501,E344F
6502,E344G
6503,E344H
6504,E344I
6505,E344K
6506,E344L
6507,E344M
6508,E344N
6509,E344P
6510,E344Q
6511,E344R
6512,E344S
6513,E344T
6514,E344V
6515,E344W
6516,E344Y
6517,E345A
6518,E345C
6519,E345D
6520,E345F
6521,E345G
6522,E345H
6523,E345I
6524,E345K
6525,E345L
6526,E345M
6527,E345N
6528,E345P
6529,E345Q
6530,E345R
6531,E345S
6532,E345T
6533,E345V
6534,E345W
6535,E345Y
6536,Y346A
6537,Y346C
6538,Y346D
6539,Y346E
6540,Y346F
6541,Y346G
6542,Y346H
6543,Y346I
6544,Y346K
6545,Y346L
6546,Y346M
6547,Y346N
6548,Y346P
6549,Y346Q
6550,Y346R
6551,Y346S
6552,Y346T
6553,Y346V
6554,Y346W
6555,V347A
6556,V347C
6557,V347D
6558,V347E
6559,V347F
6560,V347G
6561,V347H
6562,V347I
6563,V347K
6564,V347L
6565,V347M
6566,V347N
6567,V347P
6568,V347Q
6569,V347R
6570,V347S
6571,V347T
6572,V347W
6573,V347Y
6574,R348A
6575,R348C
6576,R348D
6577,R348E
6578,R348F
6579,R348G
6580,R348H
6581,R348I
6582,R348K
6583,R348L
6584,R348M
6585,R348N
6586,R348P
6587,R348Q
6588,R348S
6589,R348T
6590,R348V
6591,R348W
6592,R348Y
6593,S349A
6594,S349C
6595,S349D
6596,S349E
6597,S349F
6598,S349G
6599,S349H
6600,S349I
6601,S349K
6602,S349L
6603,S349M
6604,S349N
6605,S349P
6606,S349Q
6607,S349R
6608,S349T
6609,S349V
6610,S349W
6611,S349Y
6612,A350C
6613,A350D
6614,A350E
6615,A350F
6616,A350G
6617,A350H
6618,A350I
6619,A350K
6620,A350L
6621,A350M
6622,A350N
6623,A350P
6624,A350Q
6625,A350R
6626,A350S
6627,A350T
6628,A350V
6629,A350W
6630,A350Y
6631,A351C
6632,A351D
6633,A351E
6634,A351F
6635,A351G
6636,A351H
6637,A351I
6638,A351K
6639,A351L
6640,A351M
6641,A351N
6642,A351P
6643,A351Q
6644,A351R
6645,A351S
6646,A351T
6647,A351V
6648,A351W
6649,A351Y
6650,D352A
6651,D352C
6652,D352E
6653,D352F
6654,D352G
6655,D352H
6656,D352I
6657,D352K
6658,D352L
6659,D352M
6660,D352N
6661,D352P
6662,D352Q
6663,D352R
6664,D352S
6665,D352T
6666,D352V
6667,D352W
6668,D352Y
6669,F353A
6670,F353C
6671,F353D
6672,F353E
6673,F353G
6674,F353H
6675,F353I
6676,F353K
6677,F353L
6678,F353M
6679,F353N
6680,F353P
6681,F353Q
6682,F353R
6683,F353S
6684,F353T
6685,F353V
6686,F353W
6687,F353Y
6688,L354A
6689,L354C
6690,L354D
6691,L354E
6692,L354F
6693,L354G
6694,L354H
6695,L354I
6696,L354K
6697,L354M
6698,L354N
6699,L354P
6700,L354Q
6701,L354R
6702,L354S
6703,L354T
6704,L354V
6705,L354W
6706,L354Y
6707,V355A
6708,V355C
6709,V355D
6710,V355E
6711,V355F
6712,V355G
6713,V355H
6714,V355I
6715,V355K
6716,V355L
6717,V355M
6718,V355N
6719,V355P
6720,V355Q
6721,V355R
6722,V355S
6723,V355T
6724,V355W
6725,V355Y
6726,L356A
6727,L356C
6728,L356D
6729,L356E
6730,L356F
6731,L356G
6732,L356H
6733,L356I
6734,L356K
6735,L356M
6736,L356N
6737,L356P
6738,L356Q
6739,L356R
6740,L356S
6741,L356T
6742,L356V
6743,L356W
6744,L356Y
6745,N357A
6746,N357C
6747,N357D
6748,N357E
6749,N357F
6750,N357G
6751,N357H
6752,N357I
6753,N357K
6754,N357L
6755,N357M
6756,N357P
6757,N357Q
6758,N357R
6759,N357S
6760,N357T
6761,N357V
6762,N357W
6763,N357Y
6764,G358A
6765,G358C
6766,G358D
6767,G358E
6768,G358F
6769,G358H
6770,G358I
6771,G358K
6772,G358L
6773,G358M
6774,G358N
6775,G358P
6776,G358Q
6777,G358R
6778,G358S
6779,G358T
6780,G358V
6781,G358W
6782,G358Y
6783,R359A
6784,R359C
6785,R359D
6786,R359E
6787,R359F
6788,R359G
6789,R359H
6790,R359I
6791,R359K
6792,R359L
6793,R359M
6794,R359N
6795,R359P
6796,R359Q
6797,R359S
6798,R359T
6799,R359V
6800,R359W
6801,R359Y
6802,V360A
6803,V360C
6804,V360D
6805,V360E
6806,V360F
6807,V360G
6808,V360H
6809,V360I
6810,V360K
6811,V360L
6812,V360M
6813,V360N
6814,V360P
6815,V360Q
6816,V360R
6817,V360S
6818,V360T
6819,V360W
6820,V360Y
6821,H361A
6822,H361C
6823,H361D
6824,H361E
6825,H361F
6826,H361G
6827,H361I
6828,H361K
6829,H361L
6830,H361M
6831,H361N
6832,H361P
6833,H361Q
6834,H361R
6835,H361S
6836,H361T
6837,H361V
6838,H361W
6839,H361Y
6840,F362A
6841,F362C
6842,F362D
6843,F362E
6844,F362G
6845,F362H
6846,F362I
6847,F362K
6848,F362L
6849,F362M
6850,F362N
6851,F362P
6852,F362Q
6853,F362R
6854,F362S
6855,F362T
6856,F362V
6857,F362W
6858,F362Y
6859,V363A
6860,V363C
6861,V363D
6862,V363E
6863,V363F
6864,V363G
6865,V363H
6866,V363I
6867,V363K
6868,V363L
6869,V363M
6870,V363N
6871,V363P
6872,V363Q
6873,V363R
6874,V363S
6875,V363T
6876,V363W
6877,V363Y
6878,V364A
6879,V364C
6880,V364D
6881,V364E
6882,V364F
6883,V364G
6884,V364H
6885,V364I
6886,V364K
6887,V364L
6888,V364M
6889,V364N
6890,V364P
6891,V364Q
6892,V364R
6893,V364S
6894,V364T
6895,V364W
6896,V364Y
6897,S365A
6898,S365C
6899,S365D
6900,S365E
6901,S365F
6902,S365G
6903,S365H
6904,S365I
6905,S365K
6906,S365L
6907,S365M
6908,S365N
6909,S365P
6910,S365Q
6911,S365R
6912,S365T
6913,S365V
6914,S365W
6915,S365Y
6916,N366A
6917,N366C
6918,N366D
6919,N366E
6920,N366F
6921,N366G
6922,N366H
6923,N366I
6924,N366K
6925,N366L
6926,N366M
6927,N366P
6928,N366Q
6929,N366R
6930,N366S
6931,N366T
6932,N366V
6933,N366W
6934,N366Y
6935,T367A
6936,T367C
6937,T367D
6938,T367E
6939,T367F
6940,T367G
6941,T367H
6942,T367I
6943,T367K
6944,T367L
6945,T367M
6946,T367N
6947,T367P
6948,T367Q
6949,T367R
6950,T367S
6951,T367V
6952,T367W
6953,T367Y
6954,F368A
6955,F368C
6956,F368D
6957,F368E
6958,F368G
6959,F368H
6960,F368I
6961,F368K
6962,F368L
6963,F368M
6964,F368N
6965,F368P
6966,F368Q
6967,F368R
6968,F368S
6969,F368T
6970,F368V
6971,F368W
6972,F368Y
6973,L369A
6974,L369C
6975,L369D
6976,L369E
6977,L369F
6978,L369G
6979,L369H
6980,L369I
6981,L369K
6982,L369M
6983,L369N
6984,L369P
6985,L369Q
6986,L369R
6987,L369S
6988,L369T
6989,L369V
6990,L369W
6991,L369Y
6992,V370A
6993,V370C
6994,V370D
6995,V370E
6996,V370F
6997,V370G
6998,V370H
6999,V370I
7000,V370K
7001,V370L
7002,V370M
7003,V370N
7004,V370P
7005,V370Q
7006,V370R
7007,V370S
7008,V370T
7009,V370W
7010,V370Y
7011,S371A
7012,S371C
7013,S371D
7014,S371E
7015,S371F
7016,S371G
7017,S371H
7018,S371I
7019,S371K
7020,S371L
7021,S371M
7022,S371N
7023,S371P
7024,S371Q
7025,S371R
7026,S371T
7027,S371V
7028,S371W
7029,S371Y
7030,D372A
7031,D372C
7032,D372E
7033,D372F
7034,D372G
7035,D372H
7036,D372I
7037,D372K
7038,D372L
7039,D372M
7040,D372N
7041,D372P
7042,D372Q
7043,D372R
7044,D372S
7045,D372T
7046,D372V
7047,D372W
7048,D372Y
7049,L373A
7050,L373C
7051,L373D
7052,L373E
7053,L373F
7054,L373G
7055,L373H
7056,L373I
7057,L373K
7058,L373M
7059,L373N
7060,L373P
7061,L373Q
7062,L373R
7063,L373S
7064,L373T
7065,L373V
7066,L373W
7067,L373Y
7068,R374A
7069,R374C
7070,R374D
7071,R374E
7072,R374F
7073,R374G
7074,R374H
7075,R374I
7076,R374K
7077,R374L
7078,R374M
7079,R374N
7080,R374P
7081,R374Q
7082,R374S
7083,R374T
7084,R374V
7085,R374W
7086,R374Y
7087,R375A
7088,R375C
7089,R375D
7090,R375E
7091,R375F
7092,R375G
7093,R375H
7094,R375I
7095,R375K
7096,R375L
7097,R375M
7098,R375N
7099,R375P
7100,R375Q
7101,R375S
7102,R375T
7103,R375V
7104,R375W
7105,R375Y
7106,L376A
7107,L376C
7108,L376D
7109,L376E
7110,L376F
7111,L376G
7112,L376H
7113,L376I
7114,L376K
7115,L376M
7116,L376N
7117,L376P
7118,L376Q
7119,L376R
7120,L376S
7121,L376T
7122,L376V
7123,L376W
7124,L376Y
7125,I377A
7126,I377C
7127,I377D
7128,I377E
7129,I377F
7130,I377G
7131,I377H
7132,I377K
7133,I377L
7134,I377M
7135,I377N
7136,I377P
7137,I377Q
7138,I377R
7139,I377S
7140,I377T
7141,I377V
7142,I377W
7143,I377Y
7144,D378A
7145,D378C
7146,D378E
7147,D378F
7148,D378G
7149,D378H
7150,D378I
7151,D378K
7152,D378L
7153,D378M
7154,D378N
7155,D378P
7156,D378Q
7157,D378R
7158,D378S
7159,D378T
7160,D378V
7161,D378W
7162,D378Y
7163,L379A
7164,L379C
7165,L379D
7166,L379E
7167,L379F
7168,L379G
7169,L379H
7170,L379I
7171,L379K
7172,L379M
7173,L379N
7174,L379P
7175,L379Q
7176,L379R
7177,L379S
7178,L379T
7179,L379V
7180,L379W
7181,L379Y
7182,A380C
7183,A380D
7184,A380E
7185,A380F
7186,A380G
7187,A380H
7188,A380I
7189,A380K
7190,A380L
7191,A380M
7192,A380N
7193,A380P
7194,A380Q
7195,A380R
7196,A380S
7197,A380T
7198,A380V
7199,A380W
7200,A380Y
7201,N381A
7202,N381C
7203,N381D
7204,N381E
7205,N381F
7206,N381G
7207,N381H
7208,N381I
7209,N381K
7210,N381L
7211,N381M
7212,N381P
7213,N381Q
7214,N381R
7215,N381S
7216,N381T
7217,N381V
7218,N381W
7219,N381Y
7220,M382A
7221,M382C
7222,M382D
7223,M382E
7224,M382F
7225,M382G
7226,M382H
7227,M382I
7228,M382K
7229,M382L
7230,M382N
7231,M382P
7232,M382Q
7233,M382R
7234,M382S
7235,M382T
7236,M382V
7237,M382W
7238,M382Y
7239,D383A
7240,D383C
7241,D383E
7242,D383F
7243,D383G
7244,D383H
7245,D383I
7246,D383K
7247,D383L
7248,D383M
7249,D383N
7250,D383P
7251,D383Q
7252,D383R
7253,D383S
7254,D383T
7255,D383V
7256,D383W
7257,D383Y
7258,W384A
7259,W384C
7260,W384D
7261,W384E
7262,W384F
7263,W384G
7264,W384H
7265,W384I
7266,W384K
7267,W384L
7268,W384M
7269,W384N
7270,W384P
7271,W384Q
7272,W384R
7273,W384S
7274,W384T
7275,W384V
7276,W384Y
7277,G385A
7278,G385C
7279,G385D
7280,G385E
7281,G385F
7282,G385H
7283,G385I
7284,G385K
7285,G385L
7286,G385M
7287,G385N
7288,G385P
7289,G385Q
7290,G385R
7291,G385S
7292,G385T
7293,G385V
7294,G385W
7295,G385Y
7296,W386A
7297,W386C
7298,W386D
7299,W386E
7300,W386F
7301,W386G
7302,W386H
7303,W386I
7304,W386K
7305,W386L
7306,W386M
7307,W386N
7308,W386P
7309,W386Q
7310,W386R
7311,W386S
7312,W386T
7313,W386V
7314,W386Y
7315,G387A
7316,G387C
7317,G387D
7318,G387E
7319,G387F
7320,G387H
7321,G387I
7322,G387K
7323,G387L
7324,G387M
7325,G387N
7326,G387P
7327,G387Q
7328,G387R
7329,G387S
7330,G387T
7331,G387V
7332,G387W
7333,G387Y
7334,K388A
7335,K388C
7336,K388D
7337,K388E
7338,K388F
7339,K388G
7340,K388H
7341,K388I
7342,K388L
7343,K388M
7344,K388N
7345,K388P
7346,K388Q
7347,K388R
7348,K388S
7349,K388T
7350,K388V
7351,K388W
7352,K388Y
7353,A389C
7354,A389D
7355,A389E
7356,A389F
7357,A389G
7358,A389H
7359,A389I
7360,A389K
7361,A389L
7362,A389M
7363,A389N
7364,A389P
7365,A389Q
7366,A389R
7367,A389S
7368,A389T
7369,A389V
7370,A389W
7371,A389Y
7372,V390A
7373,V390C
7374,V390D
7375,V390E
7376,V390F
7377,V390G
7378,V390H
7379,V390I
7380,V390K
7381,V390L
7382,V390M
7383,V390N
7384,V390P
7385,V390Q
7386,V390R
7387,V390S
7388,V390T
7389,V390W
7390,V390Y
7391,S391A
7392,S391C
7393,S391D
7394,S391E
7395,S391F
7396,S391G
7397,S391H
7398,S391I
7399,S391K
7400,S391L
7401,S391M
7402,S391N
7403,S391P
7404,S391Q
7405,S391R
7406,S391T
7407,S391V
7408,S391W
7409,S391Y
7410,G392A
7411,G392C
7412,G392D
7413,G392E
7414,G392F
7415,G392H
7416,G392I
7417,G392K
7418,G392L
7419,G392M
7420,G392N
7421,G392P
7422,G392Q
7423,G392R
7424,G392S
7425,G392T
7426,G392V
7427,G392W
7428,G392Y
7429,G393A
7430,G393C
7431,G393D
7432,G393E
7433,G393F
7434,G393H
7435,G393I
7436,G393K
7437,G393L
7438,G393M
7439,G393N
7440,G393P
7441,G393Q
7442,G393R
7443,G393S
7444,G393T
7445,G393V
7446,G393W
7447,G393Y
7448,P394A
7449,P394C
7450,P394D
7451,P394E
7452,P394F
7453,P394G
7454,P394H
7455,P394I
7456,P394K
7457,P394L
7458,P394M
7459,P394N
7460,P394Q
7461,P394R
7462,P394S
7463,P394T
7464,P394V
7465,P394W
7466,P394Y
7467,V395A
7468,V395C
7469,V395D
7470,V395E
7471,V395F
7472,V395G
7473,V395H
7474,V395I
7475,V395K
7476,V395L
7477,V395M
7478,V395N
7479,V395P
7480,V395Q
7481,V395R
7482,V395S
7483,V395T
7484,V395W
7485,V395Y
7486,D396A
7487,D396C
7488,D396E
7489,D396F
7490,D396G
7491,D396H
7492,D396I
7493,D396K
7494,D396L
7495,D396M
7496,D396N
7497,D396P
7498,D396Q
7499,D396R
7500,D396S
7501,D396T
7502,D396V
7503,D396W
7504,D396Y
7505,V397A
7506,V397C
7507,V397D
7508,V397E
7509,V397F
7510,V397G
7511,V397H
7512,V397I
7513,V397K
7514,V397L
7515,V397M
7516,V397N
7517,V397P
7518,V397Q
7519,V397R
7520,V397S
7521,V397T
7522,V397W
7523,V397Y
7524,G398A
7525,G398C
7526,G398D
7527,G398E
7528,G398F
7529,G398H
7530,G398I
7531,G398K
7532,G398L
7533,G398M
7534,G398N
7535,G398P
7536,G398Q
7537,G398R
7538,G398S
7539,G398T
7540,G398V
7541,G398W
7542,G398Y
7543,E399A
7544,E399C
7545,E399D
7546,E399F
7547,E399G
7548,E399H
7549,E399I
7550,E399K
7551,E399L
7552,E399M
7553,E399N
7554,E399P
7555,E399Q
7556,E399R
7557,E399S
7558,E399T
7559,E399V
7560,E399W
7561,E399Y
7562,N400A
7563,N400C
7564,N400D
7565,N400E
7566,N400F
7567,N400G
7568,N400H
7569,N400I
7570,N400K
7571,N400L
7572,N400M
7573,N400P
7574,N400Q
7575,N400R
7576,N400S
7577,N400T
7578,N400V
7579,N400W
7580,N400Y
7581,V401A
7582,V401C
7583,V401D
7584,V401E
7585,V401F
7586,V401G
7587,V401H
7588,V401I
7589,V401K
7590,V401L
7591,V401M
7592,V401N
7593,V401P
7594,V401Q
7595,V401R
7596,V401S
7597,V401T
7598,V401W
7599,V401Y
7600,I402A
7601,I402C
7602,I402D
7603,I402E
7604,I402F
7605,I402G
7606,I402H
7607,I402K
7608,I402L
7609,I402M
7610,I402N
7611,I402P
7612,I402Q
7613,I402R
7614,I402S
7615,I402T
7616,I402V
7617,I402W
7618,I402Y
7619,S403A
7620,S403C
7621,S403D
7622,S403E
7623,S403F
7624,S403G
7625,S403H
7626,S403I
7627,S403K
7628,S403L
7629,S403M
7630,S403N
7631,S403P
7632,S403Q
7633,S403R
7634,S403T
7635,S403V
7636,S403W
7637,S403Y
7638,F404A
7639,F404C
7640,F404D
7641,F404E
7642,F404G
7643,F404H
7644,F404I
7645,F404K
7646,F404L
7647,F404M
7648,F404N
7649,F404P
7650,F404Q
7651,F404R
7652,F404S
7653,F404T
7654,F404V
7655,F404W
7656,F404Y
7657,L405A
7658,L405C
7659,L405D
7660,L405E
7661,L405F
7662,L405G
7663,L405H
7664,L405I
7665,L405K
7666,L405M
7667,L405N
7668,L405P
7669,L405Q
7670,L405R
7671,L405S
7672,L405T
7673,L405V
7674,L405W
7675,L405Y
7676,A406C
7677,A406D
7678,A406E
7679,A406F
7680,A406G
7681,A406H
7682,A406I
7683,A406K
7684,A406L
7685,A406M
7686,A406N
7687,A406P
7688,A406Q
7689,A406R
7690,A406S
7691,A406T
7692,A406V
7693,A406W
7694,A406Y
7695,T407A
7696,T407C
7697,T407D
7698,T407E
7699,T407F
7700,T407G
7701,T407H
7702,T407I
7703,T407K
7704,T407L
7705,T407M
7706,T407N
7707,T407P
7708,T407Q
7709,T407R
7710,T407S
7711,T407V
7712,T407W
7713,T407Y
7714,S408A
7715,S408C
7716,S408D
7717,S408E
7718,S408F
7719,S408G
7720,S408H
7721,S408I
7722,S408K
7723,S408L
7724,S408M
7725,S408N
7726,S408P
7727,S408Q
7728,S408R
7729,S408T
7730,S408V
7731,S408W
7732,S408Y
7733,K409A
7734,K409C
7735,K409D
7736,K409E
7737,K409F
7738,K409G
7739,K409H
7740,K409I
7741,K409L
7742,K409M
7743,K409N
7744,K409P
7745,K409Q
7746,K409R
7747,K409S
7748,K409T
7749,K409V
7750,K409W
7751,K409Y
7752,N410A
7753,N410C
7754,N410D
7755,N410E
7756,N410F
7757,N410G
7758,N410H
7759,N410I
7760,N410K
7761,N410L
7762,N410M
7763,N410P
7764,N410Q
7765,N410R
7766,N410S
7767,N410T
7768,N410V
7769,N410W
7770,N410Y
7771,S411A
7772,S411C
7773,S411D
7774,S411E
7775,S411F
7776,S411G
7777,S411H
7778,S411I
7779,S411K
7780,S411L
7781,S411M
7782,S411N
7783,S411P
7784,S411Q
7785,S411R
7786,S411T
7787,S411V
7788,S411W
7789,S411Y
7790,A412C
7791,A412D
7792,A412E
7793,A412F
7794,A412G
7795,A412H
7796,A412I
7797,A412K
7798,A412L
7799,A412M
7800,A412N
7801,A412P
7802,A412Q
7803,A412R
7804,A412S
7805,A412T
7806,A412V
7807,A412W
7808,A412Y
7809,G413A
7810,G413C
7811,G413D
7812,G413E
7813,G413F
7814,G413H
7815,G413I
7816,G413K
7817,G413L
7818,G413M
7819,G413N
7820,G413P
7821,G413Q
7822,G413R
7823,G413S
7824,G413T
7825,G413V
7826,G413W
7827,G413Y
7828,E414A
7829,E414C
7830,E414D
7831,E414F
7832,E414G
7833,E414H
7834,E414I
7835,E414K
7836,E414L
7837,E414M
7838,E414N
7839,E414P
7840,E414Q
7841,E414R
7842,E414S
7843,E414T
7844,E414V
7845,E414W
7846,E414Y
7847,E415A
7848,E415C
7849,E415D
7850,E415F
7851,E415G
7852,E415H
7853,E415I
7854,E415K
7855,E415L
7856,E415M
7857,E415N
7858,E415P
7859,E415Q
7860,E415R
7861,E415S
7862,E415T
7863,E415V
7864,E415W
7865,E415Y
7866,G416A
7867,G416C
7868,G416D
7869,G416E
7870,G416F
7871,G416H
7872,G416I
7873,G416K
7874,G416L
7875,G416M
7876,G416N
7877,G416P
7878,G416Q
7879,G416R
7880,G416S
7881,G416T
7882,G416V
7883,G416W
7884,G416Y
7885,A417C
7886,A417D
7887,A417E
7888,A417F
7889,A417G
7890,A417H
7891,A417I
7892,A417K
7893,A417L
7894,A417M
7895,A417N
7896,A417P
7897,A417Q
7898,A417R
7899,A417S
7900,A417T
7901,A417V
7902,A417W
7903,A417Y
7904,V418A
7905,V418C
7906,V418D
7907,V418E
7908,V418F
7909,V418G
7910,V418H
7911,V418I
7912,V418K
7913,V418L
7914,V418M
7915,V418N
7916,V418P
7917,V418Q
7918,V418R
7919,V418S
7920,V418T
7921,V418W
7922,V418Y
7923,V419A
7924,V419C
7925,V419D
7926,V419E
7927,V419F
7928,V419G
7929,V419H
7930,V419I
7931,V419K
7932,V419L
7933,V419M
7934,V419N
7935,V419P
7936,V419Q
7937,V419R
7938,V419S
7939,V419T
7940,V419W
7941,V419Y
7942,P420A
7943,P420C
7944,P420D
7945,P420E
7946,P420F
7947,P420G
7948,P420H
7949,P420I
7950,P420K
7951,P420L
7952,P420M
7953,P420N
7954,P420Q
7955,P420R
7956,P420S
7957,P420T
7958,P420V
7959,P420W
7960,P420Y
7961,F421A
7962,F421C
7963,F421D
7964,F421E
7965,F421G
7966,F421H
7967,F421I
7968,F421K
7969,F421L
7970,F421M
7971,F421N
7972,F421P
7973,F421Q
7974,F421R
7975,F421S
7976,F421T
7977,F421V
7978,F421W
7979,F421Y
7980,C422A
7981,C422D
7982,C422E
7983,C422F
7984,C422G
7985,C422H
7986,C422I
7987,C422K
7988,C422L
7989,C422M
7990,C422N
7991,C422P
7992,C422Q
7993,C422R
7994,C422S
7995,C422T
7996,C422V
7997,C422W
7998,C422Y
7999,L423A
8000,L423C
8001,L423D
8002,L423E
8003,L423F
8004,L423G
8005,L423H
8006,L423I
8007,L423K
8008,L423M
8009,L423N
8010,L423P
8011,L423Q
8012,L423R
8013,L423S
8014,L423T
8015,L423V
8016,L423W
8017,L423Y
8018,P424A
8019,P424C
8020,P424D
8021,P424E
8022,P424F
8023,P424G
8024,P424H
8025,P424I
8026,P424K
8027,P424L
8028,P424M
8029,P424N
8030,P424Q
8031,P424R
8032,P424S
8033,P424T
8034,P424V
8035,P424W
8036,P424Y
8037,D425A
8038,D425C
8039,D425E
8040,D425F
8041,D425G
8042,D425H
8043,D425I
8044,D425K
8045,D425L
8046,D425M
8047,D425N
8048,D425P
8049,D425Q
8050,D425R
8051,D425S
8052,D425T
8053,D425V
8054,D425W
8055,D425Y
8056,S426A
8057,S426C
8058,S426D
8059,S426E
8060,S426F
8061,S426G
8062,S426H
8063,S426I
8064,S426K
8065,S426L
8066,S426M
8067,S426N
8068,S426P
8069,S426Q
8070,S426R
8071,S426T
8072,S426V
8073,S426W
8074,S426Y
8075,A427C
8076,A427D
8077,A427E
8078,A427F
8079,A427G
8080,A427H
8081,A427I
8082,A427K
8083,A427L
8084,A427M
8085,A427N
8086,A427P
8087,A427Q
8088,A427R
8089,A427S
8090,A427T
8091,A427V
8092,A427W
8093,A427Y
8094,L428A
8095,L428C
8096,L428D
8097,L428E
8098,L428F
8099,L428G
8100,L428H
8101,L428I
8102,L428K
8103,L428M
8104,L428N
8105,L428P
8106,L428Q
8107,L428R
8108,L428S
8109,L428T
8110,L428V
8111,L428W
8112,L428Y
8113,G429A
8114,G429C
8115,G429D
8116,G429E
8117,G429F
8118,G429H
8119,G429I
8120,G429K
8121,G429L
8122,G429M
8123,G429N
8124,G429P
8125,G429Q
8126,G429R
8127,G429S
8128,G429T
8129,G429V
8130,G429W
8131,G429Y
8132,R430A
8133,R430C
8134,R430D
8135,R430E
8136,R430F
8137,R430G
8138,R430H
8139,R430I
8140,R430K
8141,R430L
8142,R430M
8143,R430N
8144,R430P
8145,R430Q
8146,R430S
8147,R430T
8148,R430V
8149,R430W
8150,R430Y
8151,F431A
8152,F431C
8153,F431D
8154,F431E
8155,F431G
8156,F431H
8157,F431I
8158,F431K
8159,F431L
8160,F431M
8161,F431N
8162,F431P
8163,F431Q
8164,F431R
8165,F431S
8166,F431T
8167,F431V
8168,F431W
8169,F431Y
8170,T432A
8171,T432C
8172,T432D
8173,T432E
8174,T432F
8175,T432G
8176,T432H
8177,T432I
8178,T432K
8179,T432L
8180,T432M
8181,T432N
8182,T432P
8183,T432Q
8184,T432R
8185,T432S
8186,T432V
8187,T432W
8188,T432Y
8189,S433A
8190,S433C
8191,S433D
8192,S433E
8193,S433F
8194,S433G
8195,S433H
8196,S433I
8197,S433K
8198,S433L
8199,S433M
8200,S433N
8201,S433P
8202,S433Q
8203,S433R
8204,S433T
8205,S433V
8206,S433W
8207,S433Y
8208,E434A
8209,E434C
8210,E434D
8211,E434F
8212,E434G
8213,E434H
8214,E434I
8215,E434K
8216,E434L
8217,E434M
8218,E434N
8219,E434P
8220,E434Q
8221,E434R
8222,E434S
8223,E434T
8224,E434V
8225,E434W
8226,E434Y
8227,V435A
8228,V435C
8229,V435D
8230,V435E
8231,V435F
8232,V435G
8233,V435H
8234,V435I
8235,V435K
8236,V435L
8237,V435M
8238,V435N
8239,V435P
8240,V435Q
8241,V435R
8242,V435S
8243,V435T
8244,V435W
8245,V435Y
8246,K436A
8247,K436C
8248,K436D
8249,K436E
8250,K436F
8251,K436G
8252,K436H
8253,K436I
8254,K436L
8255,K436M
8256,K436N
8257,K436P
8258,K436Q
8259,K436R
8260,K436S
8261,K436T
8262,K436V
8263,K436W
8264,K436Y
8265,K437A
8266,K437C
8267,K437D
8268,K437E
8269,K437F
8270,K437G
8271,K437H
8272,K437I
8273,K437L
8274,K437M
8275,K437N
8276,K437P
8277,K437Q
8278,K437R
8279,K437S
8280,K437T
8281,K437V
8282,K437W
8283,K437Y
8284,L438A
8285,L438C
8286,L438D
8287,L438E
8288,L438F
8289,L438G
8290,L438H
8291,L438I
8292,L438K
8293,L438M
8294,L438N
8295,L438P
8296,L438Q
8297,L438R
8298,L438S
8299,L438T
8300,L438V
8301,L438W
8302,L438Y
8303,V439A
8304,V439C
8305,V439D
8306,V439E
8307,V439F
8308,V439G
8309,V439H
8310,V439I
8311,V439K
8312,V439L
8313,V439M
8314,V439N
8315,V439P
8316,V439Q
8317,V439R
8318,V439S
8319,V439T
8320,V439W
8321,V439Y
8322,C440A
8323,C440D
8324,C440E
8325,C440F
8326,C440G
8327,C440H
8328,C440I
8329,C440K
8330,C440L
8331,C440M
8332,C440N
8333,C440P
8334,C440Q
8335,C440R
8336,C440S
8337,C440T
8338,C440V
8339,C440W
8340,C440Y
8341,F441A
8342,F441C
8343,F441D
8344,F441E
8345,F441G
8346,F441H
8347,F441I
8348,F441K
8349,F441L
8350,F441M
8351,F441N
8352,F441P
8353,F441Q
8354,F441R
8355,F441S
8356,F441T
8357,F441V
8358,F441W
8359,F441Y
8360,R442A
8361,R442C
8362,R442D
8363,R442E
8364,R442F
8365,R442G
8366,R442H
8367,R442I
8368,R442K
8369,R442L
8370,R442M
8371,R442N
8372,R442P
8373,R442Q
8374,R442S
8375,R442T
8376,R442V
8377,R442W
8378,R442Y
8379,P443A
8380,P443C
8381,P443D
8382,P443E
8383,P443F
8384,P443G
8385,P443H
8386,P443I
8387,P443K
8388,P443L
8389,P443M
8390,P443N
8391,P443Q
8392,P443R
8393,P443S
8394,P443T
8395,P443V
8396,P443W
8397,P443Y
8398,L444A
8399,L444C
8400,L444D
8401,L444E
8402,L444F
8403,L444G
8404,L444H
8405,L444I
8406,L444K
8407,L444M
8408,L444N
8409,L444P
8410,L444Q
8411,L444R
8412,L444S
8413,L444T
8414,L444V
8415,L444W
8416,L444Y
8417,E445A
8418,E445C
8419,E445D
8420,E445F
8421,E445G
8422,E445H
8423,E445I
8424,E445K
8425,E445L
8426,E445M
8427,E445N
8428,E445P
8429,E445Q
8430,E445R
8431,E445S
8432,E445T
8433,E445V
8434,E445W
8435,E445Y
8436,N446A
8437,N446C
8438,N446D
8439,N446E
8440,N446F
8441,N446G
8442,N446H
8443,N446I
8444,N446K
8445,N446L
8446,N446M
8447,N446P
8448,N446Q
8449,N446R
8450,N446S
8451,N446T
8452,N446V
8453,N446W
8454,N446Y
8455,A447C
8456,A447D
8457,A447E
8458,A447F
8459,A447G
8460,A447H
8461,A447I
8462,A447K
8463,A447L
8464,A447M
8465,A447N
8466,A447P
8467,A447Q
8468,A447R
8469,A447S
8470,A447T
8471,A447V
8472,A447W
8473,A447Y
8474,A448C
8475,A448D
8476,A448E
8477,A448F
8478,A448G
8479,A448H
8480,A448I
8481,A448K
8482,A448L
8483,A448M
8484,A448N
8485,A448P
8486,A448Q
8487,A448R
8488,A448S
8489,A448T
8490,A448V
8491,A448W
8492,A448Y
8493,A449C
8494,A449D
8495,A449E
8496,A449F
8497,A449G
8498,A449H
8499,A449I
8500,A449K
8501,A449L
8502,A449M
8503,A449N
8504,A449P
8505,A449Q
8506,A449R
8507,A449S
8508,A449T
8509,A449V
8510,A449W
8511,A449Y
8512,S450A
8513,S450C
8514,S450D
8515,S450E
8516,S450F
8517,S450G
8518,S450H
8519,S450I
8520,S450K
8521,S450L
8522,S450M
8523,S450N
8524,S450P
8525,S450Q
8526,S450R
8527,S450T
8528,S450V
8529,S450W
8530,S450Y
8531,N451A
8532,N451C
8533,N451D
8534,N451E
8535,N451F
8536,N451G
8537,N451H
8538,N451I
8539,N451K
8540,N451L
8541,N451M
8542,N451P
8543,N451Q
8544,N451R
8545,N451S
8546,N451T
8547,N451V
8548,N451W
8549,N451Y
8550,P452A
8551,P452C
8552,P452D
8553,P452E
8554,P452F
8555,P452G
8556,P452H
8557,P452I
8558,P452K
8559,P452L
8560,P452M
8561,P452N
8562,P452Q
8563,P452R
8564,P452S
8565,P452T
8566,P452V
8567,P452W
8568,P452Y
8569,D453A
8570,D453C
8571,D453E
8572,D453F
8573,D453G
8574,D453H
8575,D453I
8576,D453K
8577,D453L
8578,D453M
8579,D453N
8580,D453P
8581,D453Q
8582,D453R
8583,D453S
8584,D453T
8585,D453V
8586,D453W
8587,D453Y
8588,H454A
8589,H454C
8590,H454D
8591,H454E
8592,H454F
8593,H454G
8594,H454I
8595,H454K
8596,H454L
8597,H454M
8598,H454N
8599,H454P
8600,H454Q
8601,H454R
8602,H454S
8603,H454T
8604,H454V
8605,H454W
8606,H454Y
8607,G455A
8608,G455C
8609,G455D
8610,G455E
8611,G455F
8612,G455H
8613,G455I
8614,G455K
8615,G455L
8616,G455M
8617,G455N
8618,G455P
8619,G455Q
8620,G455R
8621,G455S
8622,G455T
8623,G455V
8624,G455W
8625,G455Y
8626,Y456A
8627,Y456C
8628,Y456D
8629,Y456E
8630,Y456F
8631,Y456G
8632,Y456H
8633,Y456I
8634,Y456K
8635,Y456L
8636,Y456M
8637,Y456N
8638,Y456P
8639,Y456Q
8640,Y456R
8641,Y456S
8642,Y456T
8643,Y456V
8644,Y456W
8645,M457A
8646,M457C
8647,M457D
8648,M457E
8649,M457F
8650,M457G
8651,M457H
8652,M457I
8653,M457K
8654,M457L
8655,M457N
8656,M457P
8657,M457Q
8658,M457R
8659,M457S
8660,M457T
8661,M457V
8662,M457W
8663,M457Y
8664,S458A
8665,S458C
8666,S458D
8667,S458E
8668,S458F
8669,S458G
8670,S458H
8671,S458I
8672,S458K
8673,S458L
8674,S458M
8675,S458N
8676,S458P
8677,S458Q
8678,S458R
8679,S458T
8680,S458V
8681,S458W
8682,S458Y
8683,R459A
8684,R459C
8685,R459D
8686,R459E
8687,R459F
8688,R459G
8689,R459H
8690,R459I
8691,R459K
8692,R459L
8693,R459M
8694,R459N
8695,R459P
8696,R459Q
8697,R459S
8698,R459T
8699,R459V
8700,R459W
8701,R459Y
